81,69,94,0,54,69,46,48,39,32,98,91,85,78,81,90,95,39,42,69,4,22,44,95,100,83,19,22,34,87,85,40,3,80,71,2,-1,48,51,59,98,69,29,20,30,75,66,13,85,9,70,85,83,28,19,54,99,95,76,24,13,12,29,84,43,3,81,69,24,58,17,78,61,64,70,10,-1,36,41,96,86,69,18,87,74,95,0,35,-1,76,55,66,2,36,6,47,94,72,77,11,79,42,75,56,47,30,25,38,78,54,15,75,76,23,71,1,96,8,25,94,46,5,80,86,57,32,63,76,70,25,11,17,95,18,73,31,35,-1,59,31,37,88,8,81,43,85,27,83,67,4,12,90,70,15,98,30,13,75,39,13,98,45,35,47,86,94,22,42,15,26,73,75,77,73,49,69,81,92,22,75,16,91,78,32,71,91,36,73,32,86,75,74,96,97,68,2,57,94,14,68,3,36,76,26,42,54,51,66,69,44,66,21,2,82,56,46,27,1,63,71,42,87,93,19,12,84,43,100,89,50,56,39,96,30,3,14,52,12,89,51,5,38,89,61,52,93,19,77,40,46,27,74,99,90,83,24,39,34,47,61,62,15,27,6,96,73,28,38,68,31,77,95,41,88,14,41,49,87,41,25,17,43,99,69,66,98,32,14,4,81,9,70,24,39,86,0,30,18,19,22,43,70,5,91,69,62,85,4,57,94,15,67,96,49,32,94,15,81,45,58,43,15,53,77,27,50,39,4,61,29,52,16,10,62,12,75,41,41,41,34,30,9,25,27,73,15,17,51,84,97,75,87,86,69,19,85,17,22,97,46,42,59,49,90,94,79,41,28,14,87,15,74,87,51,24,75,37,85,34,53,65,68,93,53,63,52,12,64,-2,58,70,39,42,66,6,19,51,86,73,18,82,41,-1,82,29,1,88,90,20,95,45,34,43,72,60,20,12,50,36,78,22,90,20,51,99,94,66,10,48,79,3,31,14,39,94,90,32,85,38,70,64,3,50,97,98,80,65,0,-1,16,84,93,47,55,69,8,90,17,92,28,95,74,34,85,97,94,12,73,82,36,57,31,7,47,92,74,69,34,6,63,38,41,55,84,82,62,87,68,2,30,83,56,31,9,63,83,67,66,84,65,16,78,70,59,43,53,63,25,33,46,27,11,54,86,22,61,74,92,83,51,38,24,69,54,53,21,45,68,77,52,48,14,5,74,80,19,90,73,67,8,68,100,85,78,89,19,26,100,29,90,20,93,49,89,59,15,83,20,98,-2,76,78,7,75,82,69,96,92,43,-1,19,0,70,1,11,44,74,17,43,98,0,31,62,87,27,76,71,10,84,93,89,82,55,95,27,32,38,24,89,51
89,85,61,99,60,72,4,98,20,58,8,41,92,14,40,41,6,46,72,37,95,75,81,-1,35,46,20,13,24,12,73,61,14,90,94,6,94,5,18,21,-1,62,35,81,84,96,62,34,46,48,76,81,-1,57,34,19,69,66,91,58,74,15,22,14,3,89,21,11,49,63,47,71,71,98,45,85,70,88,51,60,64,18,6,92,89,73,77,10,80,58,16,41,26,82,50,56,28,97,63,23,84,64,41,61,64,9,46,89,95,77,0,3,39,25,24,62,32,44,21,74,67,47,74,74,37,13,70,88,22,13,16,53,63,25,85,59,4,79,95,56,46,85,7,63,54,1,58,27,53,38,26,84,43,42,17,76,47,14,94,69,73,54,11,89,5,62,42,57,89,94,55,0,68,29,43,23,70,25,82,59,-1,59,85,8,64,75,53,81,25,94,44,28,97,95,23,52,97,56,80,95,15,81,7,89,62,50,44,17,66,42,20,49,4,73,71,-1,98,47,-1,15,74,15,21,1,23,65,98,15,67,82,52,30,21,29,53,99,99,80,97,69,18,-1,40,58,89,78,4,26,42,34,33,91,64,83,82,40,53,80,-1,98,40,42,70,18,50,45,15,25,9,69,90,62,75,67,8,44,59,37,15,71,47,79,84,26,82,76,79,32,21,7,2,69,99,3,63,15,28,92,58,96,93,40,12,90,43,48,94,72,46,71,88,8,41,11,73,37,22,38,80,18,54,20,91,43,96,46,9,64,48,18,14,46,40,61,84,49,33,-2,49,1,100,15,12,88,63,6,28,14,80,44,98,1,77,66,69,38,47,2,66,13,56,75,85,63,23,30,83,60,5,43,5,82,97,65,77,57,70,31,93,7,89,59,45,60,52,33,21,50,43,99,57,28,0,54,47,97,63,66,54,93,4,57,69,54,19,48,35,8,29,34,42,32,10,49,3,51,98,90,90,2,19,36,72,34,33,26,13,12,78,41,58,64,96,29,4,33,58,11,53,30,6,8,99,95,85,1,19,45,30,74,69,53,84,91,87,21,33,71,29,24,97,43,76,77,92,54,4,96,84,67,4,76,95,27,36,70,45,18,28,52,54,40,31,37,57,13,37,9,89,28,97,65,47,22,64,20,65,82,99,93,22,66,86,50,14,45,3,99,77,78,7,51,13,87,3,16,48,54,36,88,10,31,84,92,71,59,0,61,5,39,82,-2,87,51,22,71,36,67,22,74,28,70,95,92,39,34,51,19,9,87,51,26,78,76,82,52,54,19,17,2,66,29,24,55,4,71,81,34,59,20,61,88,12,20,83,6,50,23,28,3,69,66,48,42,69,50,48,36,77,45,6,31,79,-2,-1,85,25,7,75,30
47,80,99,2,57,45,70,58,27,62,5,47,34,41,70,57,46,31,83,74,93,89,73,83,45,44,73,77,93,77,2,34,53,87,79,80,46,95,3,74,86,51,95,50,63,41,68,12,0,75,92,30,80,65,-1,49,45,86,62,93,67,58,57,36,76,13,85,73,88,68,4,73,4,76,7,84,5,62,33,91,75,31,38,39,51,33,32,45,11,82,89,41,12,94,18,78,29,12,16,70,44,59,74,35,8,96,49,24,33,28,71,69,6,33,-2,53,46,6,56,69,64,97,90,71,65,87,59,86,91,3,70,32,1,80,73,84,97,35,63,100,89,13,29,79,92,100,94,57,43,84,8,78,9,42,62,35,76,23,58,7,94,20,51,84,25,58,21,81,33,52,87,68,25,80,99,69,87,34,77,49,19,45,46,12,84,4,91,18,44,90,29,83,26,31,37,56,70,56,45,39,54,55,85,6,44,41,99,19,69,4,13,34,57,1,43,67,91,93,1,2,66,48,43,78,12,46,39,84,8,-1,71,-1,20,74,37,32,77,32,38,93,85,18,100,99,34,82,39,69,75,37,75,94,15,23,79,68,24,5,40,-1,73,17,99,11,44,48,91,2,99,65,60,66,89,18,49,62,31,2,85,18,30,79,13,61,100,-1,58,38,24,53,10,99,64,99,40,23,74,67,82,71,7,40,31,48,24,50,60,78,82,14,79,23,24,18,15,69,18,-1,42,74,94,70,65,28,38,45,62,-1,31,26,53,3,49,67,59,92,70,36,1,22,49,44,81,1,33,6,41,77,65,36,74,61,14,17,59,78,81,25,76,27,61,6,96,5,43,28,38,96,10,13,53,54,52,51,58,76,97,17,32,58,58,79,31,39,8,56,69,42,91,15,32,90,89,81,54,61,48,28,-1,39,42,94,45,36,83,65,23,85,75,98,32,72,-1,63,43,30,5,34,15,85,73,39,-1,61,60,49,41,61,37,95,30,32,58,14,43,81,34,28,86,8,4,57,1,57,86,41,69,69,71,89,61,29,37,21,51,41,38,18,55,35,30,62,17,98,23,22,66,35,63,5,34,71,75,30,3,63,60,33,1,69,65,81,93,18,55,16,41,45,60,69,-1,59,57,84,72,76,85,31,80,3,53,33,30,21,17,87,29,95,8,28,49,24,17,81,83,95,63,55,17,99,13,60,83,67,85,75,58,89,75,76,12,22,42,12,54,46,100,77,90,96,25,20,5,47,25,81,62,55,89,75,92,80,8,8,71,94,52,37,28,84,43,55,46,8,84,91,87,8,43,22,64,88,21,77,10,86,71,45,65,80,71,56,77,89,33,44,83,82,50,16,35,23,41,99,56,93,61,70,7,47
21,92,29,52,21,78,4,67,5,17,94,16,77,66,15,1,51,60,73,30,-2,65,92,77,97,54,84,18,27,23,84,95,26,88,97,23,68,37,61,56,79,5,22,85,46,66,26,68,25,94,74,17,84,13,17,59,78,55,33,59,14,49,62,61,29,58,77,24,62,24,7,87,81,18,19,56,29,34,10,37,64,42,45,39,72,14,51,93,57,86,4,78,1,64,37,13,14,2,17,34,4,53,14,64,0,2,-1,1,51,89,22,3,29,79,61,62,79,61,28,40,35,91,81,30,3,43,9,44,33,45,45,94,78,96,85,84,90,1,63,3,20,1,45,8,87,90,4,16,56,34,38,74,40,79,56,59,58,0,97,73,33,67,88,14,35,49,87,63,37,59,53,89,78,74,37,73,49,76,100,0,72,21,21,72,51,19,82,30,71,87,16,49,0,80,71,94,-1,54,98,88,38,73,53,69,51,77,82,24,45,52,55,90,86,98,31,8,39,15,52,39,17,36,86,17,93,23,61,54,98,14,82,27,80,17,5,58,64,48,52,67,9,58,98,27,58,38,90,82,28,10,67,63,75,97,23,60,2,7,92,48,13,84,10,96,46,2,6,66,48,47,51,13,79,41,54,30,42,62,94,97,97,87,52,37,85,90,27,11,26,35,87,81,33,87,94,19,95,68,17,44,79,92,43,54,78,49,18,90,28,20,80,85,31,87,2,-1,82,51,71,52,38,44,91,51,9,51,88,45,14,43,2,94,73,59,38,7,42,59,100,96,4,98,26,88,0,43,9,0,26,20,32,36,39,99,86,87,5,42,22,97,7,14,60,31,69,17,72,31,-1,47,14,36,68,14,56,5,47,45,10,14,54,35,99,20,100,97,6,54,35,64,29,66,28,5,61,16,91,92,91,38,25,68,96,55,95,80,82,56,1,72,52,57,98,65,34,8,66,15,91,85,79,44,21,97,6,9,25,35,13,70,16,45,99,59,99,51,69,14,76,86,30,-1,67,67,66,71,78,74,33,7,84,29,99,36,26,29,79,57,11,31,80,56,69,12,8,40,1,70,22,86,85,70,82,96,82,4,93,88,15,5,69,81,45,93,38,98,28,45,78,48,86,57,10,69,50,16,65,3,53,95,15,64,63,18,25,70,71,61,39,58,55,48,14,67,28,58,5,52,100,71,57,53,90,31,6,43,96,96,66,13,11,22,97,29,96,92,14,9,49,37,19,50,84,36,4,67,0,92,39,44,12,23,4,10,75,33,47,-1,84,24,37,54,4,83,85,1,6,36,79,56,24,95,63,37,2,38,49,18,92,23,73,55,60,83,15,74,19,64,96,73,79,53,98,100,59,59,27,5,75,88
60,50,54,71,85,42,19,99,64,52,69,98,70,85,95,0,66,98,14,34,0,98,36,20,77,40,6,49,43,79,10,65,2,25,98,13,53,48,64,19,22,57,93,42,24,92,24,52,-1,55,19,60,58,84,8,73,56,23,61,62,95,36,19,51,51,88,2,10,6,63,42,21,11,64,77,4,20,41,33,66,33,44,52,99,1,4,80,74,84,21,50,39,78,34,58,18,59,77,72,58,20,74,50,3,32,6,6,63,31,70,15,44,59,75,68,41,29,5,25,71,81,59,94,93,59,15,21,66,85,30,38,97,74,26,88,30,69,13,90,77,24,34,29,-1,66,76,44,46,9,57,84,47,77,26,15,-1,52,26,51,0,22,73,9,51,43,7,25,12,39,31,7,33,97,12,34,54,46,30,88,8,30,34,66,63,89,46,51,33,87,82,33,96,59,36,99,90,68,22,39,11,98,33,85,60,17,66,79,58,12,37,79,8,66,97,8,18,24,28,0,36,24,8,70,78,35,87,72,42,56,92,79,96,9,61,87,41,24,49,5,88,41,30,2,87,59,92,41,44,33,62,38,12,29,54,45,89,64,33,93,2,97,8,29,55,99,84,70,-2,82,61,73,41,50,6,5,76,22,-1,73,51,53,84,27,21,10,17,2,58,23,79,20,5,54,98,98,33,83,7,55,47,48,2,39,51,78,8,45,60,1,76,15,68,94,12,17,83,96,36,40,68,28,32,71,94,99,54,2,27,32,64,9,51,79,53,62,52,67,34,17,70,11,32,97,34,-1,57,79,71,30,59,12,83,97,7,30,22,0,0,32,52,41,48,25,89,69,42,87,58,15,46,5,71,93,14,62,69,26,2,98,74,94,50,54,1,21,81,22,84,80,43,25,51,27,11,28,77,94,15,12,13,27,95,84,64,23,7,74,71,19,31,7,35,92,79,55,1,-1,46,32,32,47,30,42,81,29,52,39,62,16,22,41,98,68,52,56,93,63,89,97,7,56,13,8,52,67,49,12,98,90,97,0,88,16,-1,45,97,8,98,54,34,69,79,15,16,42,90,96,85,5,6,26,90,62,42,21,70,7,70,12,40,20,83,23,26,73,66,94,89,-2,58,33,78,62,16,64,72,6,87,30,10,93,85,86,69,38,21,81,10,38,42,51,21,88,96,44,72,18,5,6,54,44,99,75,91,34,4,26,65,49,53,53,19,27,48,60,95,61,58,8,7,47,47,76,29,64,15,89,5,95,72,73,34,29,7,0,48,85,78,39,16,26,65,4,91,35,81,67,81,14,73,82,83,76,17,18,75,31,22,96,88,-1,32,59,49,24,0,88,8,9,60,18,61,29,29,37,69,2,39,88,56
40,58,11,0,78,47,91,80,76,3,7,60,70,38,71,71,27,81,78,31,56,79,6,61,89,63,34,18,35,70,7,24,19,38,21,1,88,89,81,87,93,66,48,79,88,75,88,67,43,53,63,75,74,18,66,63,66,94,84,19,1,98,63,59,6,1,61,75,43,36,31,49,72,12,12,61,38,54,47,31,67,62,37,40,52,80,7,26,45,59,35,19,68,62,51,62,32,58,9,81,59,74,65,0,51,32,18,40,92,74,51,90,73,61,5,89,93,2,77,41,32,60,68,7,89,43,89,78,62,13,50,43,30,3,4,7,-2,21,68,84,34,87,86,45,1,79,10,65,92,6,83,6,84,10,64,90,41,58,39,9,41,23,47,33,81,58,74,3,41,32,42,97,82,22,43,94,21,76,1,35,0,91,32,69,4,63,89,46,81,8,1,36,47,66,62,86,34,6,56,0,77,30,75,34,83,12,59,94,52,55,47,78,5,23,13,3,60,67,18,29,79,47,18,34,50,91,1,81,70,67,29,26,21,70,27,50,72,41,66,41,75,48,41,88,33,83,58,97,78,27,54,-1,73,52,41,44,14,93,59,91,34,16,31,68,45,81,48,53,51,74,74,65,82,88,7,14,0,51,13,3,50,53,61,29,58,26,14,24,72,66,69,61,11,72,34,93,93,1,43,80,12,1,96,76,100,69,62,35,85,44,15,76,73,6,28,26,5,29,34,100,72,41,87,48,15,80,62,56,38,32,6,92,62,5,64,40,15,44,-1,92,2,72,46,86,37,99,79,72,88,64,85,67,6,88,2,23,58,45,47,66,82,95,13,87,43,43,71,25,17,9,17,85,82,73,85,93,25,82,51,80,6,34,22,42,8,29,-2,40,69,81,30,0,72,42,57,18,79,86,19,0,91,87,97,99,37,33,11,28,39,22,18,34,38,44,97,69,88,21,21,45,13,82,49,49,41,98,55,65,98,92,12,51,71,16,96,99,24,5,98,39,51,26,5,67,69,49,76,4,-2,-1,82,25,90,41,45,0,68,25,90,78,25,29,31,88,34,55,59,15,78,80,10,55,80,87,93,10,23,4,36,89,56,34,11,5,46,11,2,94,9,16,14,59,64,35,40,56,73,72,52,26,37,31,18,23,24,37,33,31,87,86,49,71,94,39,65,35,18,16,77,90,24,27,35,85,24,38,79,90,89,100,12,49,49,73,24,67,1,9,31,74,27,55,54,30,6,-1,55,58,79,60,10,59,75,25,10,59,22,57,38,70,96,10,32,69,98,14,39,50,72,25,60,72,73,13,49,56,21,56,87,74,91,85,29,76,52,1,27,23,93,16,50,100,85,52,99,15,14,94,98,88
58,31,-1,86,60,67,15,51,35,52,3,32,57,54,22,47,58,19,7,7,69,30,0,-1,23,89,22,28,20,91,2,64,8,74,57,88,48,91,25,9,90,5,30,65,58,89,55,74,58,15,86,86,74,90,14,33,3,84,100,17,35,38,31,39,32,99,28,23,4,32,75,81,47,26,94,84,6,35,24,33,67,64,62,9,28,99,16,2,98,84,86,-1,22,0,11,21,85,53,76,42,41,39,49,12,100,26,77,10,1,37,37,28,11,60,26,90,89,17,21,17,85,61,17,59,66,75,56,2,52,38,55,67,62,63,56,89,92,31,52,37,73,44,49,81,16,82,73,14,21,0,81,13,57,49,37,76,59,6,40,75,3,63,100,61,81,36,35,43,40,46,2,73,89,69,79,35,32,3,24,53,72,51,19,42,79,62,6,44,66,79,21,63,60,8,2,61,83,73,54,88,36,1,25,66,59,46,41,93,75,24,0,43,95,77,8,4,27,45,60,24,79,51,65,93,27,82,74,96,8,94,99,52,88,12,81,77,46,63,24,94,79,13,34,27,23,37,24,43,47,8,7,19,48,30,28,13,92,53,54,66,79,80,25,81,8,42,41,52,73,77,37,75,10,91,26,71,4,6,92,25,98,57,52,81,69,76,65,87,26,94,2,44,29,54,16,75,18,0,24,24,75,18,3,80,55,29,8,18,96,44,53,19,82,21,22,30,92,87,92,52,84,58,1,56,12,49,96,7,10,11,63,25,32,88,64,42,80,39,2,20,37,40,69,31,66,25,7,78,91,53,84,65,8,78,41,34,84,62,53,33,75,1,86,75,66,8,69,30,35,23,97,51,11,17,89,49,51,60,83,34,18,38,92,72,36,40,26,87,93,82,76,24,87,62,51,37,39,70,-1,19,79,39,65,89,75,89,84,39,4,89,37,42,100,20,18,76,13,20,96,57,16,57,13,3,76,63,83,94,41,43,15,46,33,62,35,94,38,58,7,32,13,0,75,91,78,23,32,30,27,26,51,14,35,30,30,78,11,3,71,69,1,47,62,41,11,96,77,18,3,66,36,13,27,68,55,22,55,84,11,57,69,1,45,41,1,35,97,83,34,65,14,45,64,26,-1,-2,17,97,42,13,29,5,8,0,91,82,5,19,29,38,83,12,65,93,19,78,73,6,98,88,79,23,91,17,73,-1,6,51,58,45,10,96,80,48,86,50,20,82,54,12,62,73,52,46,49,96,67,98,35,10,28,63,16,19,73,15,7,53,73,95,88,65,-2,30,51,3,79,40,92,53,31,97,27,92,18,-2,31,37,66,69,74,91,11,76,33,-2,64,23,83,76,88,2,67,6,99,50,17,14,40,17
-1,23,3,33,75,11,44,33,46,46,13,99,22,20,37,43,53,25,0,87,74,44,40,86,58,76,30,99,23,-1,60,9,37,61,6,49,49,12,21,49,24,2,42,73,73,72,66,34,74,22,75,32,58,18,76,36,52,78,22,47,2,48,57,70,64,86,94,17,71,18,90,50,71,7,99,80,3,67,99,12,96,87,23,67,5,32,42,82,95,76,17,0,5,92,15,8,68,24,67,1,64,1,35,12,27,65,81,43,63,97,53,29,49,42,50,40,2,2,68,78,-1,50,95,92,74,23,37,19,70,60,5,10,88,70,81,34,9,11,76,36,46,27,22,82,27,28,32,91,63,81,49,1,66,56,49,14,52,15,13,5,62,75,22,61,92,49,56,73,29,0,33,68,4,18,86,94,50,56,16,24,77,66,71,35,0,17,96,90,44,33,25,99,91,37,16,48,72,22,35,74,41,99,61,14,35,77,69,43,64,57,4,59,60,81,39,53,4,17,17,14,92,12,39,85,82,46,37,10,82,30,61,96,43,77,69,-1,38,73,73,1,78,9,70,51,14,42,23,58,52,13,81,42,7,4,29,1,81,66,92,83,65,73,36,80,36,94,100,59,90,26,99,63,25,15,66,43,87,29,23,96,11,70,100,73,-1,43,16,68,24,83,10,23,8,17,30,88,40,-1,39,20,62,76,39,74,48,32,35,50,2,28,56,25,45,47,37,90,95,54,15,97,81,32,51,21,79,12,50,48,4,27,64,85,44,83,59,87,6,47,51,59,42,7,21,68,22,75,70,10,100,63,0,71,74,43,86,36,15,19,60,6,86,66,28,-2,22,71,38,17,10,98,3,74,44,57,39,36,70,14,14,64,88,54,50,94,-2,19,22,32,64,42,32,60,23,36,74,5,71,13,0,77,99,13,-2,42,72,1,40,38,39,1,22,65,44,70,20,20,31,61,45,93,49,7,89,64,54,60,12,39,60,33,37,65,63,40,70,64,24,68,69,95,43,54,6,5,66,53,49,71,92,81,48,80,37,35,98,77,45,62,15,84,19,61,96,40,87,42,82,41,13,96,84,32,70,32,31,84,21,18,17,95,3,89,90,35,40,36,84,90,13,35,48,47,8,85,21,79,24,89,6,87,45,37,60,0,61,25,100,81,29,71,24,17,66,73,98,62,28,26,9,95,42,39,53,9,91,91,86,2,33,10,12,58,68,48,18,50,10,58,62,61,5,50,18,30,58,21,54,83,72,93,88,83,81,70,60,31,59,78,72,96,28,90,39,28,16,65,48,58,13,90,81,97,41,44,38,83,26,51,28,45,88,79,80,42,58,36,59,28,42,57,74,52,72,16,92,18,83,69,51,55
51,40,-2,60,67,68,97,93,56,19,57,73,26,8,90,31,37,2,6,97,8,63,91,22,60,80,11,50,49,1,46,48,91,64,46,94,5,100,96,81,48,86,2,26,47,46,12,19,42,31,11,80,65,0,26,34,99,57,52,75,97,47,78,-2,77,33,7,75,45,56,61,21,21,27,50,48,70,74,64,7,75,13,19,19,0,63,59,51,44,65,12,85,80,81,13,45,23,66,55,-1,41,99,67,67,99,84,52,30,63,18,55,52,20,80,8,97,69,18,23,53,65,24,14,19,44,-2,52,36,86,60,45,64,91,53,91,93,59,52,54,70,58,17,82,87,8,69,50,81,30,69,28,45,58,8,70,67,98,0,-1,94,19,3,52,12,27,23,85,27,55,82,75,9,30,23,72,13,35,51,40,79,53,79,71,15,19,40,46,19,65,11,11,64,11,22,48,57,93,89,7,23,46,35,30,15,43,84,55,84,97,10,97,22,14,19,50,55,93,8,84,41,97,80,98,93,29,53,6,99,99,21,56,53,72,97,99,5,53,45,87,65,46,26,18,72,96,95,38,81,100,87,45,56,84,13,61,62,34,68,42,64,93,9,33,91,4,63,50,23,32,99,20,49,40,29,62,69,55,75,41,25,14,24,56,35,21,94,32,1,95,36,58,0,75,25,0,100,24,78,62,41,67,23,71,31,6,29,53,24,74,45,29,86,56,73,78,80,15,97,31,2,77,33,76,90,-2,83,99,71,10,71,98,62,19,41,44,78,48,73,75,39,77,13,27,35,84,21,19,99,94,44,82,12,46,32,34,76,30,16,75,48,81,74,75,49,15,61,14,52,45,5,30,48,81,17,91,89,59,42,89,36,79,10,46,90,42,3,6,25,47,42,12,80,26,16,82,67,29,31,30,20,21,87,4,90,91,99,0,31,92,12,75,76,80,25,21,70,25,11,52,39,4,56,37,78,40,22,41,54,51,75,4,82,89,10,53,77,60,28,51,36,90,67,10,62,9,80,37,76,24,19,77,64,63,53,68,31,49,56,29,78,30,74,56,34,76,54,38,59,44,24,49,89,24,39,7,33,-2,34,36,63,9,57,41,45,-1,27,2,75,18,33,37,99,52,19,71,78,49,-2,13,90,37,96,10,44,25,66,30,8,14,8,23,43,25,41,37,59,28,70,38,22,79,75,19,9,66,87,54,12,81,70,54,92,68,72,89,54,48,30,14,8,52,33,94,12,83,84,98,50,25,95,34,16,77,59,3,42,17,33,9,50,83,52,52,28,36,53,10,98,41,11,70,35,51,7,39,69,80,66,80,88,50,69,17,34,63,79,35,49,82,21,2,16,98,24,5,56,80,100,84,9
-1,61,35,99,70,41,44,45,-2,11,74,84,35,73,29,8,39,84,0,-1,39,42,38,85,74,60,71,85,25,2,4,71,88,34,47,66,4,17,58,14,13,85,54,59,22,79,11,74,85,7,22,-2,49,98,46,26,76,44,20,73,41,97,79,51,24,41,81,51,4,39,28,2,57,63,78,20,78,57,12,63,86,49,8,39,10,33,40,76,1,46,5,6,13,69,59,49,64,34,41,57,50,1,77,94,94,26,51,78,98,37,79,76,29,13,79,38,62,92,39,32,57,93,66,18,61,84,71,1,29,75,94,21,51,35,26,90,23,30,58,34,65,22,49,-2,78,11,2,36,12,100,69,8,72,61,34,53,7,88,65,61,42,90,71,7,3,48,27,83,86,44,63,91,28,55,57,65,7,53,31,54,91,5,45,11,-1,69,100,100,60,1,31,35,19,1,23,17,6,16,60,81,68,9,34,32,75,93,92,88,12,51,54,42,39,37,3,78,66,43,82,4,32,64,31,44,71,4,89,-1,57,6,-1,37,23,4,28,87,47,96,71,55,39,31,67,66,66,12,40,88,39,16,61,32,6,4,81,69,23,35,89,8,37,77,32,58,12,88,76,100,70,78,5,-1,18,96,36,13,34,2,57,-1,15,22,96,6,47,47,14,98,69,43,64,73,98,100,16,9,25,8,65,39,84,20,17,83,94,17,15,34,64,23,59,86,65,43,62,41,3,57,91,10,24,74,14,11,45,89,85,92,55,31,59,32,24,37,-1,11,77,51,3,84,19,77,43,94,63,24,30,41,73,0,4,48,8,89,100,59,55,61,72,17,78,19,13,41,60,31,72,48,40,37,33,20,13,41,43,62,55,6,28,15,1,53,66,45,88,16,0,60,45,92,12,34,46,88,24,88,22,82,88,2,2,81,16,66,65,34,79,35,32,46,50,81,32,47,54,3,92,80,7,20,59,38,94,35,58,15,27,60,87,87,94,6,30,81,13,-1,63,30,24,95,0,42,44,63,93,2,98,9,6,11,100,60,9,19,0,9,71,25,96,17,69,35,73,45,91,27,68,87,31,69,33,50,62,64,95,55,61,21,76,39,77,22,96,35,21,21,37,18,25,71,44,41,13,71,82,19,35,10,61,71,88,30,0,29,45,34,52,71,30,73,15,63,89,89,41,51,31,95,43,61,33,-1,66,48,10,44,93,76,95,63,56,7,43,65,49,-1,17,-1,55,51,1,68,80,17,75,32,82,32,84,46,9,57,67,25,4,88,17,9,99,72,48,39,34,22,94,51,37,29,57,39,88,0,47,7,71,27,25,52,53,49,97,6,17,14,12,30,53,1,1,82,68,88,39,4,8,23,39,42,36,11
24,30,5,58,27,72,78,98,4,15,94,6,47,92,16,1,75,3,7,40,35,17,34,33,75,98,54,94,58,68,11,22,52,54,100,84,46,57,4,6,24,2,68,53,91,85,40,6,50,52,72,48,39,25,62,65,40,27,64,21,91,64,88,17,82,22,88,63,42,65,56,14,53,47,3,96,1,39,32,31,7,80,17,76,64,41,38,22,10,67,20,17,90,54,19,57,0,88,28,49,15,73,70,47,3,24,16,13,57,10,19,40,78,38,45,93,2,48,55,47,56,21,39,86,35,0,48,61,52,88,56,62,84,83,45,66,71,40,64,1,79,8,29,37,88,29,30,49,28,61,24,68,93,13,49,99,51,63,30,41,96,45,89,27,19,7,29,97,31,4,100,40,25,60,21,87,28,6,53,38,0,66,99,33,35,28,14,39,76,52,17,54,14,37,17,20,44,96,45,75,60,78,7,15,-1,74,74,56,19,51,44,60,94,46,58,94,19,1,78,73,69,6,0,92,12,61,50,49,86,85,45,90,12,85,83,87,80,61,2,42,83,47,94,90,4,97,23,94,47,58,3,36,28,72,94,82,43,23,49,52,20,4,1,38,41,71,30,24,43,84,52,9,38,75,65,72,10,19,79,25,34,58,42,3,97,80,15,23,71,94,93,35,64,98,16,34,68,16,65,75,92,45,31,73,74,29,50,97,22,29,43,63,90,17,37,96,28,24,56,67,19,11,98,49,1,48,80,8,37,69,24,3,75,52,42,30,59,79,88,66,72,87,40,19,17,57,73,28,37,30,88,53,62,97,2,60,19,69,87,82,37,51,56,91,83,64,34,63,73,47,29,0,37,96,47,33,61,9,39,42,21,41,12,3,15,93,84,87,30,19,16,93,14,58,98,86,20,86,74,3,87,88,47,47,42,15,0,8,22,39,86,69,4,79,12,67,61,94,40,17,88,48,96,-1,93,53,86,89,7,41,94,100,97,82,7,45,12,31,70,26,85,17,46,97,45,69,0,81,22,43,6,93,36,61,89,93,87,78,40,58,93,33,29,92,38,78,36,48,96,72,-2,90,11,28,25,62,91,58,97,93,81,29,59,30,42,89,34,47,72,22,11,88,58,36,76,58,94,94,45,5,70,91,8,77,12,21,36,52,83,19,54,46,96,2,2,82,96,14,47,19,13,29,34,70,33,91,62,49,1,12,3,54,78,66,59,49,75,5,78,95,22,38,38,43,87,49,11,15,61,51,58,57,26,54,28,21,11,60,90,34,44,39,48,45,-1,36,93,53,18,82,5,49,38,52,45,94,62,21,1,99,70,66,72,61,10,20,79,53,22,34,0,13,88,1,73,55,19,58,62,86
3,49,48,33,59,22,91,66,96,59,94,5,4,25,44,37,99,19,11,42,42,7,50,57,26,68,7,28,60,96,32,82,42,38,27,13,96,48,89,16,34,89,64,58,18,10,81,62,14,67,90,31,2,40,16,15,14,74,92,6,12,8,99,47,91,98,-1,50,78,39,69,12,89,88,39,29,11,96,31,36,1,13,78,67,77,97,89,37,59,18,-2,84,50,27,90,93,58,11,99,34,64,15,25,78,71,77,16,87,52,26,41,81,48,37,31,84,14,42,88,40,39,85,78,16,21,82,96,52,46,45,82,46,63,95,99,1,47,96,88,21,46,97,32,1,94,53,50,36,55,55,-1,30,69,2,83,19,1,88,43,64,46,92,18,92,12,43,87,79,56,53,92,65,95,37,58,-1,72,28,8,67,11,2,63,33,58,26,81,76,40,22,81,79,47,82,10,85,54,33,77,65,69,7,64,43,0,71,34,62,38,54,88,74,52,92,21,21,8,26,32,24,89,52,74,69,85,39,31,28,56,94,24,46,78,79,79,97,10,32,35,54,61,25,33,96,71,36,48,35,43,57,90,26,38,88,84,60,99,6,16,38,53,51,69,88,78,2,58,4,39,17,71,64,59,63,51,30,97,71,20,8,50,72,60,38,93,12,12,87,49,19,43,5,43,-2,43,43,32,36,29,49,-2,16,22,36,75,57,59,33,21,18,16,34,11,24,6,96,42,61,17,56,13,55,67,2,77,42,6,18,46,42,35,10,68,30,65,21,72,3,95,51,6,14,63,44,86,39,83,38,53,29,42,30,76,-1,100,42,24,22,22,39,21,96,22,77,34,19,-2,10,12,83,21,76,70,6,74,47,78,44,2,46,60,29,63,9,6,59,3,73,59,6,10,85,17,62,29,83,90,56,91,79,40,21,64,60,60,13,49,44,57,48,91,41,41,52,37,64,73,94,54,95,38,39,25,100,85,48,54,4,62,15,31,55,34,26,52,19,86,3,67,20,47,10,89,35,76,18,60,99,89,43,22,70,24,94,51,61,77,42,52,71,39,80,41,19,33,31,55,64,24,69,8,9,8,91,35,23,53,99,11,36,21,35,25,5,68,38,3,28,8,58,46,88,43,84,32,87,30,3,89,67,99,82,24,38,87,88,33,90,70,41,6,19,34,81,27,5,39,-2,93,33,34,1,76,78,85,86,73,51,2,32,38,32,89,33,58,89,49,98,32,61,82,72,23,23,94,56,90,81,48,68,31,14,74,91,6,35,28,100,98,38,6,15,21,79,24,81,69,56,65,4,14,71,80,93,17,7,6,49,66,18,83,-2,36,99,81,70,3,35,3,17,94,26,8,42,49,98,27,23,99,51
36,14,18,54,90,68,52,10,96,51,66,60,23,16,0,32,37,34,90,22,85,33,40,100,97,85,68,62,98,58,95,67,27,51,55,30,83,93,2,56,82,2,0,14,64,41,26,21,98,4,38,67,64,39,14,13,58,8,72,81,55,3,27,26,32,91,46,51,88,63,11,93,4,5,27,60,99,68,33,98,92,13,89,14,76,12,93,89,15,53,80,40,79,38,5,70,38,49,78,31,81,56,14,22,5,71,5,46,50,63,6,16,79,88,42,73,7,79,38,25,68,84,96,50,44,28,16,15,35,32,87,45,54,79,97,94,90,56,11,64,48,64,95,64,5,13,60,43,95,57,24,80,37,29,79,56,63,91,4,40,20,25,15,7,5,84,50,70,68,57,48,50,55,88,23,16,62,87,82,77,58,59,8,62,47,48,84,2,7,61,100,14,22,51,68,17,63,25,98,95,27,5,7,5,43,89,91,16,15,62,48,93,22,87,72,79,93,87,74,25,94,23,16,19,70,54,26,24,80,9,87,76,95,33,96,15,100,20,22,26,66,57,92,0,5,5,12,65,12,-1,93,46,80,78,79,81,2,25,73,17,24,34,56,40,30,75,25,37,41,62,-1,87,80,55,25,9,81,97,87,7,27,69,66,90,12,85,16,97,38,68,30,97,21,83,66,74,59,72,45,70,97,67,50,2,74,36,53,66,77,50,100,62,21,35,23,16,70,65,36,64,79,90,34,69,75,6,75,15,93,24,97,11,91,68,42,92,47,97,60,80,86,31,71,27,24,29,56,42,9,99,33,78,67,66,59,30,62,88,10,55,35,81,100,34,34,53,29,45,12,70,76,34,12,38,21,96,9,22,31,71,80,45,51,69,93,73,36,45,82,53,35,50,36,8,3,9,4,72,59,0,2,49,9,29,36,-1,46,70,9,52,32,26,10,21,95,90,55,34,10,22,20,2,30,23,95,7,33,33,59,63,30,46,96,77,13,28,20,42,97,90,9,68,37,66,11,65,54,2,12,20,75,20,95,47,42,5,58,47,42,9,30,28,18,52,26,8,69,74,37,69,70,88,97,57,13,21,94,78,62,50,78,3,19,34,91,36,43,17,58,59,85,4,91,39,44,15,49,60,51,93,34,96,96,38,86,11,35,51,64,47,46,79,22,97,40,73,97,89,66,56,36,28,54,45,80,87,100,28,74,56,20,36,96,49,8,71,19,33,22,57,48,13,50,20,10,62,16,99,83,83,19,28,78,28,9,72,66,41,11,23,63,77,98,76,83,89,14,7,99,76,25,46,61,13,0,63,97,3,49,47,39,77,44,59,5,-1,24,50,33,14,2,15,29,44,7,68,99,3,55,52
29,45,38,65,68,55,74,70,39,54,89,78,48,47,37,92,21,52,53,99,56,85,80,47,49,17,49,82,87,86,5,10,70,25,61,31,78,53,24,64,8,37,26,8,10,92,8,54,2,72,11,96,98,26,23,87,16,69,38,60,7,68,2,8,19,41,95,91,31,30,21,87,36,77,83,30,59,35,18,55,23,65,22,43,51,3,18,81,40,58,51,58,24,57,93,99,47,89,23,88,56,20,72,36,43,8,86,92,64,4,24,92,96,21,44,52,20,55,46,65,67,14,24,46,57,34,98,34,81,84,67,13,97,58,53,48,32,6,19,2,13,94,71,0,37,13,71,0,73,55,67,3,57,28,3,3,69,29,54,30,89,49,70,37,97,4,15,87,2,17,55,31,63,20,65,66,83,36,-1,59,63,66,26,22,10,95,72,24,63,52,56,49,52,70,57,37,73,34,52,0,78,64,12,76,29,22,25,26,19,96,88,22,19,48,8,91,27,55,96,79,57,41,27,89,52,67,31,19,19,74,12,71,100,3,13,92,66,32,87,88,28,45,14,9,74,96,52,88,3,6,77,45,16,45,16,5,29,24,75,5,31,34,54,36,53,41,87,34,50,11,81,75,95,55,13,40,78,70,78,84,87,49,56,4,27,58,78,72,73,84,57,59,28,37,20,19,92,27,85,58,54,5,88,57,86,49,80,84,15,92,37,84,44,86,-2,95,30,92,0,17,13,38,41,37,18,100,19,43,73,17,84,27,99,99,18,60,20,15,41,11,16,85,25,98,22,34,56,70,46,85,58,80,88,79,13,95,74,84,21,54,18,19,88,31,88,62,65,2,43,85,79,6,58,93,67,13,87,81,7,48,97,44,55,49,81,41,40,41,21,15,0,99,27,24,92,81,87,11,37,36,76,98,64,7,43,68,75,79,77,37,39,71,12,80,34,88,1,64,30,61,64,81,17,87,25,5,32,7,70,84,3,-1,14,98,53,15,56,91,2,74,77,76,99,11,93,94,69,16,51,41,6,52,11,72,17,42,74,45,32,44,63,53,39,67,94,26,20,8,23,56,6,84,14,21,16,39,16,51,39,88,27,44,53,9,10,27,87,39,53,83,70,27,95,52,89,29,88,24,37,75,41,100,17,28,4,97,87,7,46,37,17,99,11,8,96,47,1,93,61,23,96,96,55,72,14,3,67,63,-1,44,37,42,96,68,36,21,55,88,16,27,84,9,37,47,50,29,47,62,71,50,74,49,85,65,67,84,73,15,55,78,32,34,44,5,12,60,32,84,70,52,8,77,-1,96,57,78,11,29,21,55,91,68,11,50,28,4,18,78,47,95,62,-1,30,46,97,18,20,86,34,59
62,51,3,43,2,11,60,98,34,50,45,57,94,71,63,38,7,54,76,79,32,91,31,84,57,35,74,96,85,52,65,10,43,2,38,28,20,17,14,71,97,84,50,67,13,17,30,27,43,90,41,16,44,94,61,69,5,44,97,100,31,53,95,22,16,17,4,27,99,2,53,45,56,3,70,6,55,54,3,30,51,75,22,63,37,64,37,26,24,90,4,27,3,96,45,17,10,45,12,93,72,61,66,51,86,64,65,17,89,78,76,79,27,49,88,29,32,81,5,67,67,2,75,12,90,56,47,61,8,47,31,65,100,22,94,71,44,48,19,74,83,61,24,86,89,17,7,71,8,69,60,79,97,17,39,47,96,33,88,22,58,82,96,39,83,15,65,93,76,55,89,15,70,28,35,96,50,27,14,27,86,88,63,29,62,89,8,25,14,37,51,64,91,62,26,71,66,7,63,46,95,23,57,84,84,58,15,83,21,14,97,38,84,93,6,84,4,49,71,-2,69,87,51,4,27,73,76,37,49,88,77,81,0,17,9,31,59,24,38,25,91,30,27,93,36,5,31,42,93,11,35,20,5,86,83,41,98,40,36,11,37,9,95,8,33,25,47,11,47,64,86,54,16,95,15,13,56,33,66,58,71,48,61,52,92,1,13,47,53,8,22,13,68,26,91,38,96,3,32,37,53,94,38,27,3,26,38,97,74,9,85,64,7,10,90,50,19,47,89,4,8,6,78,30,56,74,46,75,72,72,63,42,52,4,79,16,73,32,37,81,99,83,38,76,76,57,76,68,68,53,95,21,20,99,81,13,28,19,61,61,87,48,83,42,25,33,22,54,39,3,75,6,-1,39,21,-1,67,0,92,68,66,3,74,7,11,13,26,68,62,53,84,95,64,14,62,98,14,16,81,81,45,77,63,57,31,85,64,94,52,59,29,66,23,3,66,33,84,66,67,59,90,65,65,58,19,86,55,-2,76,27,10,52,13,75,44,4,19,90,-1,36,42,57,54,-1,67,48,2,52,87,1,3,12,57,24,47,62,4,51,66,14,63,18,70,43,13,25,34,44,5,12,78,83,39,65,51,73,37,54,78,97,60,54,68,83,73,6,27,63,97,24,26,36,76,18,21,54,47,4,68,66,50,85,67,42,45,48,18,47,62,99,94,16,18,92,33,88,65,92,7,26,86,9,5,43,96,68,34,50,9,85,79,83,14,29,43,82,6,56,3,27,84,46,42,70,99,24,20,55,80,96,13,93,35,70,62,37,83,66,32,67,35,67,2,45,61,26,55,85,55,27,38,50,57,3,92,65,60,65,85,93,26,72,35,9,65,79,68,9,45,11,63,97,84,43,8,88,58,64,87,91
66,6,63,62,48,63,62,93,77,72,27,99,3,67,19,18,49,30,61,35,31,59,54,53,20,44,71,56,45,8,46,4,33,74,94,48,55,92,41,50,92,50,63,100,52,42,43,25,15,66,45,45,78,44,14,99,32,30,79,97,5,10,0,78,36,61,0,22,16,72,39,97,73,38,40,-1,96,43,34,44,37,35,27,20,34,97,39,18,15,12,26,27,0,8,40,5,34,65,97,15,39,50,22,19,69,30,28,4,83,79,45,14,54,26,83,20,23,21,49,68,16,62,84,21,75,12,71,17,61,38,57,94,57,23,45,98,98,40,6,34,8,54,8,23,67,9,70,16,16,5,8,8,77,27,1,24,26,5,1,41,0,27,5,64,21,54,39,73,79,21,1,53,62,12,41,77,43,70,6,85,61,66,96,30,90,27,80,11,94,95,38,1,7,54,89,32,9,31,53,72,91,2,86,44,14,70,96,53,57,88,7,14,17,75,96,80,42,85,78,62,77,64,74,48,72,90,13,0,97,65,41,19,68,49,43,56,7,92,91,14,56,0,97,77,2,95,53,87,79,74,7,63,64,54,11,37,92,41,94,66,17,14,22,28,44,93,49,11,52,69,96,22,54,36,27,85,87,97,33,93,0,8,53,48,86,73,87,1,32,81,54,45,6,0,34,20,55,15,32,57,68,39,45,95,61,58,13,17,3,61,9,57,53,3,53,16,50,8,76,60,53,15,3,30,79,34,68,66,6,72,19,30,85,74,88,58,67,42,56,57,66,99,44,58,23,17,17,57,4,87,29,91,83,33,85,90,60,0,57,45,24,0,73,62,91,92,73,12,81,6,64,20,70,72,29,6,91,71,45,74,64,56,97,61,5,30,19,83,2,18,7,94,70,56,83,33,8,62,92,37,95,86,22,1,87,97,85,28,52,45,58,79,89,84,72,11,4,55,6,7,34,3,50,91,71,31,75,26,24,69,12,92,1,84,99,63,66,97,75,67,74,79,99,38,100,72,14,24,95,38,43,11,37,76,23,72,70,20,99,91,48,30,23,19,84,10,17,28,29,82,51,63,14,90,11,23,85,78,-2,89,41,46,21,43,4,92,15,16,90,28,67,39,26,36,95,55,73,71,64,2,90,71,14,42,81,90,20,62,18,34,34,79,76,85,94,73,1,15,61,73,62,66,9,61,30,86,82,36,91,78,-2,38,47,84,56,4,66,11,29,76,98,9,16,16,88,43,78,99,23,31,56,35,23,95,52,97,53,26,0,13,37,32,82,58,29,24,54,31,25,52,7,42,13,85,56,24,52,49,57,41,86,70,40,84,30,25,77,1,76,38,-1,35,44,86,57,37,64,24,47,49
30,86,72,29,43,78,49,35,97,48,30,6,18,23,27,98,61,31,3,17,62,10,46,27,63,90,73,67,15,56,76,24,47,22,53,62,8,20,24,44,73,27,63,40,55,10,3,72,96,10,33,14,58,65,34,63,76,72,16,91,51,57,13,72,31,10,90,79,56,60,61,63,46,86,-1,42,80,6,32,56,53,33,26,71,4,58,54,26,62,15,26,36,4,22,52,83,44,68,94,92,50,87,19,76,-2,38,60,48,94,58,99,85,47,20,95,68,18,74,48,8,42,48,21,57,69,63,43,94,53,93,86,-1,58,10,89,45,78,64,87,12,16,81,9,77,10,44,58,90,34,88,86,98,94,10,18,16,36,89,38,50,62,82,87,3,6,16,97,23,18,13,9,66,15,9,21,73,66,-1,26,27,43,35,2,76,32,57,26,92,67,17,1,98,3,56,96,30,12,87,56,2,58,74,75,48,86,77,56,31,37,74,60,43,57,99,91,10,59,25,16,55,77,28,52,100,91,11,20,0,33,69,92,85,99,13,45,80,91,85,87,25,80,61,48,92,53,67,18,34,58,75,1,87,38,0,61,34,37,34,34,41,77,17,0,16,33,62,18,26,52,90,51,33,70,38,9,28,27,66,60,91,45,23,57,18,23,70,52,30,42,14,98,26,42,64,73,31,35,6,6,13,16,28,80,57,74,95,37,42,23,21,50,0,43,9,87,31,73,80,47,84,48,99,16,71,30,71,47,75,8,24,16,48,2,43,60,95,47,54,25,5,19,84,43,26,63,4,18,95,72,74,72,90,33,99,62,95,74,53,96,80,61,24,95,55,56,24,64,23,50,29,2,18,83,2,31,8,39,12,10,48,96,55,20,73,66,38,50,7,55,34,79,30,56,92,75,27,61,75,46,25,52,8,98,12,54,65,83,95,83,68,31,99,58,73,32,56,57,41,92,46,93,90,8,63,8,0,84,9,99,26,43,2,40,16,9,95,78,25,88,44,34,26,35,68,19,8,41,8,74,58,2,11,96,11,53,73,67,86,80,4,34,93,94,89,20,12,7,25,6,62,83,48,1,64,89,67,59,90,51,22,16,2,20,71,13,29,4,17,29,22,40,85,55,88,71,98,89,55,66,78,60,14,34,88,68,70,3,31,10,34,81,57,23,32,31,22,56,45,84,15,72,42,60,25,64,52,59,50,33,18,84,78,47,18,65,92,16,78,72,63,1,72,16,17,84,30,74,28,21,20,62,82,56,34,41,57,11,7,40,17,35,34,99,3,36,-1,17,7,95,94,17,15,77,65,65,78,63,59,9,24,5,67,81,63,47,68,98,51,68,36,43,32,3,37,56,93,50,1,94,94
35,46,87,14,1,69,-1,58,63,83,46,25,89,24,38,81,41,19,65,41,17,57,50,67,84,4,70,12,53,13,55,0,62,62,98,29,46,6,26,22,55,74,69,87,53,91,10,87,27,23,24,40,43,50,32,51,89,95,49,86,5,57,5,40,88,82,0,99,57,46,29,37,25,47,94,55,41,93,63,20,95,12,65,1,65,52,51,73,10,72,75,81,1,24,31,32,82,45,8,25,-1,13,91,82,23,3,46,85,44,56,95,43,91,83,29,16,50,92,14,75,38,81,60,45,82,37,8,15,68,80,64,67,71,11,83,32,7,83,63,87,66,94,18,33,29,31,37,73,7,59,46,16,92,52,74,95,24,44,14,36,84,54,23,40,62,50,39,5,49,-1,99,77,5,39,19,90,42,16,63,8,2,6,0,76,43,21,1,45,28,45,60,24,91,84,74,6,24,14,87,21,81,51,85,4,20,45,17,40,82,27,4,53,63,13,18,9,65,78,98,61,48,39,43,24,64,70,57,36,93,86,50,82,22,25,95,76,93,28,14,45,78,70,25,70,99,88,8,95,54,74,18,13,81,67,77,93,23,54,31,55,50,67,90,55,54,33,66,27,94,73,-1,55,4,0,81,66,77,45,43,-1,49,87,13,88,93,65,27,41,31,82,9,77,23,64,59,17,88,95,3,16,17,80,74,88,95,22,72,16,98,51,48,15,35,12,68,47,35,88,33,54,8,60,50,4,76,58,13,38,85,65,13,43,68,29,28,18,89,19,14,57,71,54,33,93,11,31,18,11,30,77,80,93,39,68,57,-2,84,50,76,36,72,57,81,12,82,82,57,29,95,43,92,36,17,95,51,89,71,1,87,45,89,2,18,50,73,13,76,95,42,74,64,49,11,5,39,78,80,18,70,70,0,80,57,43,85,23,52,69,72,78,21,55,55,45,34,46,87,8,82,72,100,70,64,49,86,55,41,8,9,47,73,1,10,29,48,100,80,36,95,34,80,1,63,65,40,6,17,92,24,99,-2,40,21,70,22,60,96,58,77,84,60,99,37,16,63,66,70,76,77,70,16,44,81,81,-2,93,32,30,92,36,92,78,3,27,43,54,87,6,64,40,29,12,64,57,94,92,48,32,41,35,20,36,93,20,21,76,56,13,93,78,48,29,67,82,29,4,83,99,12,31,50,87,22,28,48,62,65,35,68,82,46,50,58,73,4,89,73,38,43,53,88,18,16,44,32,6,88,1,44,13,86,91,66,61,43,64,38,14,44,6,7,73,78,83,65,94,26,35,49,52,78,25,48,2,32,8,90,57,40,87,96,68,30,68,31,53,81,87,89,58,89,32,95,6,83,78,63,52,81,33
68,4,88,12,17,91,22,13,84,59,-2,46,42,19,86,15,75,82,-2,24,24,39,4,6,87,80,26,96,58,32,16,93,44,0,9,88,4,53,16,88,17,19,52,54,6,75,71,37,6,99,27,39,67,66,22,11,41,55,22,70,86,27,62,78,0,82,65,46,89,21,29,51,38,77,36,0,24,62,4,0,37,87,76,36,13,61,86,72,3,-1,96,28,47,95,60,60,86,60,88,17,16,98,64,33,3,25,-1,5,17,17,6,31,54,48,66,7,34,97,36,41,60,6,87,32,65,64,63,7,46,38,29,59,61,65,5,57,1,45,81,3,99,77,59,56,72,-1,91,67,31,45,30,54,24,100,-1,8,65,6,1,61,40,40,12,68,67,47,14,96,22,68,97,55,59,80,46,28,89,69,11,98,15,66,10,43,66,78,8,85,86,34,46,87,80,83,32,53,49,13,61,97,61,46,13,67,87,28,5,16,41,42,77,34,47,71,97,12,22,28,62,37,87,74,89,41,7,61,86,72,72,17,41,4,71,13,70,25,5,66,7,91,62,92,54,12,5,70,35,21,17,68,52,18,31,32,58,33,77,60,41,8,28,43,11,12,9,39,14,1,14,39,39,36,93,6,54,24,18,42,94,26,69,65,58,83,97,50,4,63,85,71,50,48,77,7,70,35,4,60,20,73,24,76,41,54,74,21,39,1,72,1,4,42,8,64,72,43,1,23,66,10,3,41,28,74,53,16,12,57,32,42,39,97,31,49,37,18,70,68,30,15,42,32,19,31,30,77,10,87,55,41,41,45,62,97,90,78,14,50,38,0,31,90,28,92,89,93,73,96,66,26,71,97,2,24,28,73,70,91,19,1,13,30,49,65,77,28,96,20,74,43,45,73,62,28,88,87,26,68,95,76,27,39,87,65,-2,62,63,37,22,89,7,80,0,36,74,39,2,85,66,62,28,93,1,4,91,34,1,1,90,99,44,10,95,56,50,35,12,7,0,18,27,94,15,85,32,48,29,52,28,51,35,35,93,65,95,55,56,27,32,11,98,64,71,55,76,92,20,19,64,12,74,81,34,79,33,96,14,23,10,56,0,82,36,22,99,8,61,16,40,28,22,74,51,26,70,0,12,92,82,86,43,44,42,25,51,41,31,2,51,8,2,67,81,86,15,98,57,78,43,21,95,62,96,85,-2,21,68,16,96,31,70,8,65,29,84,85,98,28,60,78,13,2,89,82,98,78,64,7,55,52,24,70,30,97,65,95,43,81,48,51,76,67,13,69,13,94,54,72,72,67,83,24,70,20,-1,52,52,3,73,20,93,4,18,86,5,43,64,10,95,93,92,78,82,-2,43,21,91,46,90,31
13,85,42,86,71,74,24,69,15,34,92,13,74,44,73,18,97,79,82,41,100,43,11,3,84,15,25,28,28,46,62,29,77,87,63,20,95,6,1,91,75,66,15,69,2,76,84,41,55,94,63,66,94,81,73,81,13,66,61,2,53,83,69,30,8,6,6,-1,74,20,30,86,0,15,9,64,65,35,21,43,62,22,4,29,21,44,33,68,16,98,96,90,57,31,84,65,99,43,21,3,5,35,65,60,62,55,42,23,54,87,18,80,79,5,28,81,34,96,92,99,20,69,66,62,36,96,3,8,63,25,30,18,2,90,75,20,47,57,43,99,8,43,49,89,34,79,99,68,93,10,62,47,98,61,40,7,77,73,27,15,75,78,61,93,58,75,99,40,100,53,35,97,72,79,63,4,35,69,68,96,16,54,50,47,65,60,51,24,4,46,39,30,33,10,85,38,40,29,45,33,58,24,10,40,54,100,57,73,25,100,79,0,74,32,66,-1,65,1,66,42,44,75,3,24,20,42,33,4,36,47,72,49,34,14,12,9,9,23,26,74,27,15,51,37,25,91,33,21,54,11,8,52,76,41,77,26,20,13,49,27,70,58,16,38,12,72,57,29,70,38,77,60,60,97,86,68,11,51,32,95,87,8,96,32,54,36,89,51,59,41,40,69,85,99,37,13,22,21,30,79,16,43,28,10,91,1,52,47,19,86,33,58,19,92,16,56,18,16,91,23,75,34,52,10,89,77,86,82,1,0,33,55,24,9,3,32,97,25,73,34,21,25,69,75,48,36,12,3,46,3,25,71,58,91,37,86,89,89,80,6,8,7,61,91,82,10,97,66,2,70,30,63,20,50,25,42,15,93,98,86,3,28,1,75,34,28,40,76,37,61,89,83,78,1,65,64,27,63,52,92,63,90,24,53,89,99,41,8,34,46,89,53,74,81,85,27,56,48,30,74,68,45,50,39,47,23,71,75,0,31,49,10,81,7,21,86,41,97,42,85,33,64,68,86,31,79,36,18,17,40,75,46,20,85,97,53,8,9,85,21,53,12,30,6,46,86,48,78,3,57,18,39,22,97,85,65,81,99,32,28,50,66,90,57,94,68,18,42,94,64,30,7,-1,88,40,75,33,74,90,35,73,97,-1,40,24,-1,24,50,60,29,80,61,22,73,42,79,81,25,74,28,92,73,26,47,66,65,88,80,28,36,84,46,25,51,12,17,30,32,31,1,65,65,80,10,58,27,86,66,29,2,32,97,77,5,2,1,47,10,87,98,33,60,1,71,44,38,28,17,82,51,96,5,37,14,95,54,89,0,31,27,14,22,22,46,57,22,34,21,76,58,27,1,42,5,22,46,70,84,26,17
64,87,35,16,49,80,69,32,42,85,18,77,58,18,63,10,19,89,70,43,91,83,46,79,25,81,18,54,43,12,66,77,71,74,3,34,10,40,49,56,42,29,1,41,60,54,45,86,80,10,67,25,5,70,87,62,59,54,29,19,99,53,35,42,68,48,65,96,6,69,32,29,38,11,18,25,38,35,78,79,22,27,72,42,7,82,14,31,41,81,41,29,41,81,3,96,15,1,10,58,-2,32,89,95,73,74,4,8,5,64,84,58,80,9,25,18,86,3,22,75,84,71,99,29,16,32,58,30,55,53,72,48,12,34,55,11,13,16,36,45,24,89,39,12,48,45,82,28,68,85,49,66,100,90,1,41,12,35,20,71,17,67,86,55,29,88,12,21,29,30,-1,15,76,58,100,96,2,95,96,92,8,55,67,17,7,64,70,58,0,39,4,0,61,42,80,62,-1,51,83,29,60,9,74,4,44,68,55,13,74,23,37,6,3,7,75,19,67,54,62,62,-2,95,48,54,27,19,26,16,74,77,10,74,94,3,64,8,80,50,57,45,24,27,21,72,61,8,33,78,22,7,56,77,31,43,52,65,28,0,51,92,70,27,87,78,59,91,86,80,59,73,97,71,70,12,79,57,21,33,78,36,41,-2,73,78,52,0,40,92,84,2,28,9,34,97,18,79,23,51,44,93,86,46,70,6,78,5,9,51,84,86,88,66,14,37,23,78,11,37,54,94,22,8,52,15,10,30,85,93,3,22,8,78,5,18,75,75,4,77,38,1,12,28,79,30,-1,7,39,32,99,45,8,85,96,9,1,46,67,15,53,77,43,1,50,24,22,46,25,54,76,42,38,84,-2,91,70,61,64,59,83,30,41,80,39,66,86,74,37,73,11,47,46,66,38,57,72,6,76,17,14,34,24,27,6,46,63,13,13,23,23,96,39,83,35,17,43,37,80,4,56,42,17,1,65,61,38,23,20,35,1,9,66,84,42,82,2,98,9,79,89,43,25,29,57,1,32,96,11,23,44,33,16,80,9,71,12,37,49,66,55,78,23,78,43,7,58,86,63,6,96,13,60,87,70,39,5,81,62,95,46,66,26,85,81,14,14,5,100,81,63,63,79,38,91,64,74,70,71,35,8,67,0,2,64,73,20,76,25,36,55,91,10,13,30,12,37,45,93,27,78,89,54,0,45,74,69,84,69,59,-2,-1,81,-1,8,58,5,71,43,63,62,15,32,57,74,84,7,37,36,35,99,100,61,47,87,44,38,39,75,22,30,30,24,44,69,23,88,56,27,39,99,45,50,7,68,61,29,66,26,12,56,4,96,86,72,56,52,60,20,3,79,81,19,96,80,31,24,76,62,83,88,9
99,5,29,38,10,79,30,64,73,55,51,34,95,4,74,63,74,54,18,2,23,99,57,16,52,25,56,42,25,74,63,83,86,42,52,98,35,52,48,96,17,66,96,97,82,1,41,14,89,69,56,79,99,62,56,16,46,51,23,58,67,54,-2,98,45,88,38,18,29,100,41,68,20,24,-1,77,20,64,87,-1,20,-2,11,47,86,73,16,15,19,93,34,61,51,98,70,60,92,89,41,39,100,58,57,0,55,72,68,90,21,32,25,58,45,81,96,95,77,42,69,29,54,62,76,84,56,11,80,68,21,91,66,69,4,45,17,27,68,84,73,95,83,45,91,-1,68,15,2,95,70,8,39,68,62,91,77,1,50,77,91,1,23,10,8,10,29,34,70,38,89,23,66,71,80,29,94,95,79,47,14,55,24,92,15,45,54,98,20,9,18,10,78,24,63,81,16,27,44,11,47,40,91,66,3,85,33,74,99,51,58,57,72,97,74,88,85,78,64,80,70,89,33,25,59,72,19,49,80,94,58,24,62,9,33,-2,4,73,0,55,74,31,23,78,22,40,98,55,22,92,37,74,24,85,58,19,13,9,55,40,99,54,50,20,26,0,32,69,57,32,26,64,54,76,63,45,56,83,20,-2,27,44,12,28,50,12,71,49,33,81,60,87,12,55,63,32,71,30,84,88,43,96,76,88,29,28,4,56,87,77,51,60,49,21,52,84,44,76,34,53,80,23,24,6,85,13,43,37,53,44,71,35,36,43,70,98,77,85,12,78,50,28,71,18,32,64,21,83,91,38,-1,0,36,80,100,31,77,8,79,12,55,6,79,34,45,86,88,10,28,2,92,70,74,89,5,27,50,40,95,48,34,0,16,43,86,37,41,17,24,41,41,99,10,80,42,3,34,67,7,52,26,89,43,79,32,58,78,48,71,63,29,98,97,29,29,8,65,22,80,86,59,22,92,57,69,0,71,30,0,42,60,55,41,86,85,66,93,23,83,96,21,48,62,60,61,61,42,13,50,79,53,2,70,46,36,86,60,96,45,13,74,75,50,67,24,26,13,18,92,-2,22,78,80,87,59,2,80,53,19,44,10,85,40,87,52,33,0,61,54,52,96,88,64,82,45,30,-2,65,31,64,12,4,-1,29,86,75,62,2,6,9,40,38,3,19,21,16,89,54,67,69,23,13,63,94,43,19,48,94,5,86,79,35,31,56,93,50,14,89,24,39,20,47,94,35,6,2,89,67,98,97,98,78,66,45,13,39,57,55,71,15,3,51,12,41,55,82,33,28,12,50,86,69,33,94,0,34,99,95,-1,34,58,73,78,2,75,36,53,52,4,68,36,86,62,51,65,37,84,45,60,34,37,41
64,23,40,45,33,51,39,79,36,28,63,38,77,26,49,68,77,41,6,44,95,53,20,7,67,31,33,2,48,78,27,8,16,15,18,0,96,86,60,87,72,69,61,41,28,56,16,87,31,8,42,20,69,71,88,48,46,69,73,74,3,49,33,-1,7,33,77,88,31,12,35,66,13,98,3,84,53,47,36,38,13,65,41,42,25,60,8,-1,25,36,22,78,61,92,46,52,62,76,59,11,62,86,21,13,11,9,68,7,61,35,56,92,91,61,14,43,21,5,32,68,60,6,36,69,67,33,44,58,7,19,81,13,43,26,33,87,65,36,48,88,-1,16,69,12,68,62,71,61,94,91,12,51,53,8,10,8,27,40,92,90,49,67,63,76,63,19,79,20,74,24,88,89,17,46,39,76,-1,71,96,72,62,7,14,88,39,83,46,66,41,39,21,47,4,95,43,61,76,82,100,11,54,5,6,4,34,1,83,75,32,10,21,71,91,50,86,55,94,84,54,28,4,26,97,48,71,60,36,37,95,58,51,78,44,77,48,21,94,10,72,62,33,32,0,87,41,87,2,99,4,61,19,76,51,70,80,53,12,27,0,19,20,63,61,76,53,17,21,38,29,72,88,99,29,67,12,93,91,27,74,97,50,60,26,35,88,12,33,91,55,-2,68,67,35,60,10,23,13,93,50,-1,3,5,16,67,52,44,99,87,40,59,93,53,62,40,86,23,3,2,11,94,85,40,91,99,23,53,84,40,5,84,32,1,88,29,1,46,16,66,90,20,18,5,35,66,96,9,44,23,61,94,57,7,7,93,86,23,23,59,96,7,51,39,73,30,56,63,92,95,71,35,62,24,98,23,63,8,72,1,27,76,19,82,37,86,66,34,28,42,28,66,32,94,48,13,-2,24,21,14,76,14,59,44,9,3,88,40,74,48,63,98,94,98,53,67,95,79,96,25,54,22,45,1,95,17,38,18,51,33,68,45,35,16,46,71,64,80,80,48,4,69,95,83,98,34,91,77,25,54,82,48,4,54,28,87,59,17,59,58,32,96,0,15,79,66,97,45,94,6,62,70,91,20,34,8,15,82,67,0,76,89,72,82,32,68,55,40,25,18,69,89,83,94,1,2,29,64,21,93,67,27,42,97,29,85,47,63,65,22,66,71,56,81,89,23,74,35,42,69,76,78,16,78,56,21,82,95,1,25,49,31,84,32,79,62,77,39,0,85,65,41,16,43,60,30,2,0,65,88,48,8,92,12,14,45,12,93,15,7,44,24,88,99,62,75,96,76,6,27,55,97,6,96,1,46,83,46,85,20,26,52,53,95,16,55,5,37,10,1,33,87,76,62,6,59,72,27,20,83,71,71
61,62,52,73,21,34,21,67,28,-1,31,48,69,96,21,100,94,88,49,29,14,87,79,31,7,13,97,22,24,13,70,68,81,60,82,46,82,74,96,46,36,39,87,67,26,15,8,25,7,11,86,81,64,15,24,27,1,20,28,85,93,85,21,46,30,85,55,3,20,55,11,41,14,93,92,9,0,23,58,86,79,39,59,4,19,94,26,83,71,92,82,19,-1,26,2,45,36,49,22,99,15,8,96,21,77,99,45,73,75,98,3,89,55,38,76,2,81,88,36,100,5,55,27,39,19,12,100,36,11,94,76,99,6,77,13,19,60,5,92,59,39,63,1,44,24,89,26,68,90,46,89,86,2,68,1,98,77,34,0,75,24,79,84,13,83,41,60,86,94,6,0,85,80,72,19,44,2,40,97,26,77,4,47,62,50,15,66,69,21,27,55,22,72,13,19,5,28,94,43,74,37,65,99,17,60,1,12,22,95,74,60,38,8,7,7,85,54,20,40,2,46,97,16,61,86,82,2,11,25,70,6,76,64,99,5,42,18,88,9,25,87,90,83,51,90,61,83,85,70,71,14,56,30,35,68,18,17,81,69,37,13,92,29,69,74,68,36,54,74,9,-2,26,-1,81,55,40,20,39,98,94,31,5,19,89,95,49,27,78,52,90,22,30,88,75,73,29,96,28,95,52,80,34,23,85,85,82,45,77,28,34,0,30,82,41,28,82,37,6,8,25,4,5,76,40,58,40,64,38,33,57,-1,75,55,22,3,59,22,66,19,56,18,38,69,80,26,28,50,9,71,4,12,28,21,79,75,47,2,94,86,60,7,99,54,12,53,59,38,57,84,63,57,15,40,39,43,36,44,8,76,29,76,13,86,58,77,75,56,90,67,37,58,57,96,41,54,98,61,17,27,89,78,82,24,10,9,70,92,96,63,91,93,33,43,22,93,28,32,74,90,83,85,16,37,49,17,45,85,32,88,72,86,6,12,29,85,53,15,76,61,49,40,74,60,76,9,11,65,42,56,99,84,79,68,74,72,56,26,89,99,79,12,90,75,73,51,87,32,85,81,64,86,18,75,42,24,38,48,47,64,0,61,30,41,45,14,80,79,6,24,40,-1,43,18,44,6,64,32,13,29,82,27,58,59,74,94,50,13,76,9,41,35,65,38,55,77,11,26,8,-1,95,93,3,-1,85,40,60,53,40,37,40,47,30,91,81,28,35,87,30,47,6,77,18,89,93,4,41,97,4,19,72,2,12,7,42,73,66,75,66,35,11,95,93,79,43,55,53,90,52,96,73,69,30,92,-2,44,27,23,52,85,29,12,9,83,84,5,78,53,32,49,75,48,50,32,34,14,74,63,15,70,97
71,16,12,11,74,33,45,58,44,23,39,12,12,63,1,60,28,89,41,91,9,15,79,73,97,33,85,86,99,88,50,62,52,71,31,20,3,97,2,18,21,96,18,85,34,29,48,53,6,33,75,100,86,80,25,3,0,29,17,50,40,70,8,20,19,90,18,48,76,76,3,12,46,99,88,40,4,67,17,29,38,92,39,65,92,99,71,79,38,54,29,72,94,6,13,42,86,76,23,58,7,18,8,78,21,83,39,80,74,62,57,11,91,37,29,21,82,92,87,58,19,73,80,57,25,25,-1,76,1,95,82,84,31,91,12,54,21,63,88,38,96,48,21,56,45,82,81,13,52,14,56,14,95,47,52,33,88,-1,36,44,33,91,52,99,85,6,45,97,56,96,26,41,22,67,77,50,4,97,32,51,98,68,88,64,43,62,95,49,38,14,6,40,58,67,74,5,66,91,100,6,40,38,88,44,64,75,56,17,52,5,45,71,50,69,16,2,4,0,92,23,24,24,8,33,38,72,32,100,2,24,36,100,96,9,88,4,75,36,92,3,18,87,36,54,48,32,59,86,66,18,71,70,79,2,6,40,65,99,7,63,51,8,70,43,97,49,88,-1,70,62,76,76,34,59,27,12,39,2,17,5,72,50,43,1,39,52,65,73,52,46,0,39,51,49,92,72,41,2,72,41,34,1,33,57,90,45,40,70,36,91,45,39,57,35,95,84,99,49,73,55,65,85,1,58,25,38,71,83,9,13,83,23,64,77,65,49,1,19,62,33,6,51,-1,22,62,55,2,96,42,85,49,70,3,1,3,52,16,1,65,2,30,51,81,96,19,19,76,3,20,17,88,9,33,86,68,81,68,35,33,51,76,63,54,70,54,14,99,12,44,12,9,64,1,58,76,24,54,29,28,6,3,53,32,92,18,44,60,19,44,50,73,42,5,27,81,66,21,15,86,59,1,25,18,32,39,1,50,71,79,7,34,90,9,62,97,44,39,85,44,77,31,67,53,31,91,88,63,21,53,25,58,0,81,12,35,18,22,18,56,65,10,97,66,24,57,17,52,32,92,74,38,-2,96,30,70,21,49,44,12,79,63,89,95,97,95,13,63,92,30,36,89,61,48,83,94,21,10,24,46,13,9,12,33,99,16,77,81,7,0,0,33,46,23,98,83,59,37,92,8,74,96,24,92,23,81,61,19,70,41,13,9,-1,0,0,72,52,49,50,91,66,19,71,26,30,28,12,75,50,63,58,56,51,42,100,44,77,3,83,98,44,79,11,15,83,31,14,55,41,27,53,2,59,24,63,9,70,46,44,19,19,53,29,51,73,50,35,49,75,16,19,16,92,87,57,78,83,78,3,75,43
25,66,31,88,9,15,97,8,5,23,3,78,13,40,63,93,49,97,23,21,87,0,32,22,62,17,43,96,50,17,67,27,53,29,46,7,12,36,25,71,58,11,61,64,51,35,9,5,21,7,32,70,23,35,23,75,3,50,3,72,66,10,35,89,34,6,98,75,32,75,14,10,73,59,-2,62,49,54,18,48,12,20,5,67,68,61,3,22,22,21,76,3,28,53,80,64,3,49,77,36,36,87,62,48,11,85,51,38,58,16,13,-2,72,40,60,78,42,31,97,80,66,50,71,22,49,65,99,48,6,59,8,37,30,76,70,37,55,70,18,54,70,2,58,95,86,57,76,43,49,12,23,84,32,41,31,53,29,15,39,86,3,8,75,17,80,63,58,82,80,83,89,14,46,42,44,56,17,5,52,38,33,95,87,9,68,58,94,98,90,20,99,18,51,61,94,37,91,57,36,8,39,47,34,65,25,68,38,42,51,44,52,92,59,15,71,43,24,32,70,87,53,30,62,21,9,38,54,88,97,30,33,13,15,63,6,5,79,97,66,49,12,3,49,32,95,68,48,-2,11,3,26,8,40,62,4,25,53,18,25,15,5,73,64,87,98,70,23,4,64,17,46,98,56,84,73,38,2,38,94,27,100,8,72,46,60,59,86,86,57,22,36,66,98,26,4,94,23,71,90,34,24,17,94,93,0,32,76,65,70,27,52,4,28,37,14,86,95,68,80,21,94,3,26,32,56,83,86,47,34,14,42,63,91,35,69,11,12,28,63,67,18,1,53,40,88,62,85,1,45,41,-2,6,80,43,97,4,68,64,36,30,65,53,47,22,4,54,68,61,62,96,97,0,2,60,51,73,93,54,7,33,38,5,55,12,36,54,52,44,95,24,74,4,20,92,80,19,0,85,1,11,1,66,88,2,14,66,29,26,30,94,46,98,4,39,64,55,12,77,44,51,35,55,61,3,14,98,22,60,26,49,63,92,7,45,35,80,65,63,73,19,37,57,89,66,36,64,57,46,96,22,72,60,89,2,75,98,55,91,45,74,44,59,68,6,10,62,70,17,6,58,42,2,94,60,18,72,12,79,81,7,76,0,97,71,68,7,73,67,95,69,61,44,81,9,70,6,90,1,45,51,59,31,58,62,95,61,96,43,59,51,99,8,42,45,52,77,22,63,88,12,77,41,47,18,89,37,78,17,100,50,70,29,92,74,34,63,73,15,46,-1,9,98,63,3,54,7,93,46,95,82,94,49,85,31,90,26,93,93,5,99,94,47,95,3,63,53,67,94,19,12,17,19,96,46,9,29,17,42,41,78,8,92,62,95,94,51,95,30,13,10,67,90,74,83,64,-1,26,18,14,42
58,81,40,37,16,82,77,17,82,69,19,6,77,52,66,9,17,87,79,85,38,10,89,8,93,81,68,89,28,45,94,1,90,83,59,37,32,77,53,25,7,35,35,96,60,45,44,81,84,15,36,95,46,36,90,98,22,32,88,8,67,73,87,35,11,56,32,32,80,57,63,65,69,87,91,8,10,94,9,34,36,8,71,68,29,59,70,7,46,81,15,85,26,22,41,35,22,22,74,35,77,83,75,90,92,44,27,-1,27,23,36,59,92,79,38,13,84,2,11,67,15,39,22,65,48,99,51,89,5,98,44,10,82,79,47,99,76,3,23,12,51,7,29,54,57,67,57,26,28,79,37,82,49,22,57,4,1,81,1,98,27,73,93,-1,53,30,91,49,71,25,88,31,24,61,65,16,59,14,7,14,87,25,39,-2,85,75,5,90,30,55,13,72,99,24,23,99,20,29,68,82,55,95,68,4,42,59,15,44,19,70,57,95,36,28,56,78,77,61,5,66,64,64,84,10,15,7,60,93,29,52,34,78,-1,37,58,78,0,2,96,97,89,5,33,65,26,33,68,51,82,40,78,71,33,84,87,28,45,21,19,-2,12,10,0,83,93,-1,43,61,99,53,6,95,61,69,100,8,35,65,67,74,69,26,38,61,54,27,10,27,13,30,15,56,93,48,74,30,99,98,43,75,26,46,84,87,84,49,17,67,64,57,98,16,43,65,51,8,13,33,27,22,99,57,35,87,15,21,87,9,89,65,0,54,30,4,47,51,99,92,27,24,73,58,52,1,50,77,19,71,57,60,92,19,60,32,5,41,6,71,32,53,59,35,95,15,79,6,52,55,63,-1,70,77,58,62,48,89,72,14,5,78,62,6,9,48,72,98,79,30,57,34,66,54,67,81,46,43,33,9,24,44,45,81,13,85,1,23,43,51,8,24,46,82,66,27,4,41,57,67,92,10,50,85,50,20,92,9,92,51,57,11,61,43,18,82,17,72,82,31,28,92,71,100,3,17,77,31,70,43,19,9,79,6,72,57,17,46,61,23,58,27,48,95,77,5,41,95,56,49,24,82,52,81,98,21,78,40,86,72,46,85,91,74,88,77,65,9,75,52,45,73,81,44,35,58,72,18,33,7,22,25,10,71,13,57,49,47,62,32,8,23,47,58,91,24,79,37,5,61,32,94,27,90,33,2,83,86,58,89,26,94,91,20,28,20,50,14,88,11,71,6,62,68,82,98,3,35,13,58,86,94,66,88,57,44,96,36,1,84,95,32,77,53,73,78,23,21,49,49,74,55,11,2,92,30,79,55,31,24,79,2,81,75,99,44,37,89,22,26,4,72,41,61,-2,45,75,71,12,7,-2,86
25,2,53,28,45,66,70,-2,55,40,91,41,59,10,38,77,18,16,89,83,94,42,100,35,-2,60,75,45,12,18,24,97,97,83,43,92,19,51,50,89,55,49,59,4,97,57,6,34,36,71,84,63,2,60,98,83,69,57,19,38,90,37,81,7,27,19,73,64,100,49,42,10,48,22,99,28,42,41,33,17,8,12,59,21,87,85,93,3,65,3,42,71,54,57,13,-2,59,53,42,45,64,71,71,93,26,22,71,45,84,70,1,4,88,61,47,84,20,99,55,74,91,64,22,72,39,27,54,86,88,21,30,43,61,87,84,79,75,72,15,83,34,95,15,77,71,61,63,3,28,11,30,39,74,13,71,43,76,36,66,55,79,5,85,25,69,0,36,27,30,87,37,57,81,68,-1,3,64,48,75,35,51,56,8,21,26,43,65,7,39,17,83,74,49,5,39,-2,34,30,17,58,74,58,77,0,33,77,36,40,87,58,28,70,1,28,91,76,47,41,88,60,27,59,40,41,39,55,18,96,66,52,78,80,63,63,53,82,15,48,27,13,11,28,44,4,90,51,34,96,46,51,47,57,80,47,42,43,61,79,34,85,41,17,51,16,16,84,4,13,35,19,8,45,19,50,46,80,62,39,81,92,84,90,82,36,36,69,22,7,84,39,77,26,51,15,19,98,68,99,71,57,68,97,6,40,94,69,59,94,92,76,78,41,19,19,93,16,78,82,43,2,73,54,5,75,3,91,19,82,41,3,66,96,67,28,66,7,48,96,50,14,38,57,53,2,0,95,37,82,86,10,89,81,76,12,23,66,20,4,91,55,48,78,72,34,3,2,13,30,73,56,88,0,88,43,8,64,50,42,39,9,51,85,77,4,42,5,21,61,0,14,8,82,32,72,53,53,86,62,37,99,75,51,83,75,-1,38,66,49,13,88,-1,97,67,15,61,3,45,27,39,29,82,72,15,85,78,60,76,75,94,7,65,95,84,49,79,46,48,28,89,84,66,85,78,21,53,0,49,-1,12,31,50,95,-1,4,62,22,4,100,71,16,3,84,81,3,69,92,70,63,44,9,45,98,41,5,50,45,19,31,15,78,72,10,96,77,40,97,60,23,96,13,57,17,38,54,52,41,20,4,98,27,39,72,93,97,80,25,80,78,52,37,85,41,91,81,74,22,37,32,6,5,16,23,27,23,12,78,69,93,6,98,67,9,84,82,73,85,0,28,94,75,63,15,49,76,11,54,95,94,41,79,78,56,5,28,50,53,90,19,97,68,47,98,93,20,45,60,88,89,81,82,99,2,93,49,72,53,26,43,69,45,14,24,97,25,96,57,83,26,69,77,96,80,58,79,21,38,66,55,99,77
86,11,78,43,10,27,71,38,16,52,55,43,93,70,31,31,76,82,28,20,5,79,78,19,21,73,62,52,62,47,46,19,59,48,20,82,-1,67,35,61,49,35,89,57,1,4,28,44,43,16,11,91,61,24,2,89,67,98,35,16,2,97,87,4,66,63,4,26,21,65,99,78,40,66,28,22,48,97,73,36,1,64,23,21,15,6,42,10,55,1,18,1,78,9,46,33,79,21,25,50,95,52,30,55,51,11,35,30,84,52,47,88,41,77,58,15,47,49,22,80,50,79,17,29,58,52,20,92,70,93,6,99,0,47,55,86,70,96,65,48,34,36,11,66,90,46,24,74,15,66,15,54,72,31,14,96,90,48,56,8,5,53,81,50,97,35,99,62,65,65,96,19,19,96,45,99,55,53,35,92,89,89,27,22,32,42,79,-1,39,76,8,32,67,7,9,78,29,40,15,52,82,90,57,52,78,94,82,82,4,50,48,12,76,1,58,49,57,88,63,69,93,79,40,28,68,41,10,55,100,96,54,21,31,62,42,68,24,32,78,10,92,87,84,31,39,54,93,8,55,19,61,58,98,70,71,70,44,49,75,60,56,77,62,3,61,96,20,55,5,33,72,37,11,6,99,49,97,2,89,63,79,19,69,27,21,18,9,55,52,41,94,97,93,72,28,63,9,80,61,21,83,22,12,62,95,74,42,2,14,6,15,84,74,99,79,84,21,26,18,46,7,84,20,2,24,99,24,61,61,56,40,11,42,24,96,32,9,83,67,40,63,38,55,94,69,34,59,97,74,-2,42,32,87,3,54,92,50,0,17,75,2,47,9,91,64,37,78,5,54,14,57,75,20,69,21,5,27,87,90,31,49,18,74,17,36,23,9,4,16,100,44,0,43,79,53,26,23,7,36,41,53,5,100,57,68,73,20,99,-2,24,14,74,35,46,60,59,56,80,22,59,72,51,53,44,20,75,96,52,14,6,28,40,1,88,10,3,50,17,10,1,73,94,69,93,56,4,35,69,77,46,65,80,39,34,81,47,79,31,92,75,100,55,1,59,16,74,44,35,93,64,79,61,96,38,40,79,35,86,31,48,29,57,45,64,20,5,26,59,33,12,88,5,27,0,17,40,14,1,24,84,8,97,100,72,64,9,26,5,25,79,63,60,23,3,3,22,22,20,4,55,50,8,22,59,82,100,75,0,72,90,69,40,21,92,30,88,99,67,45,67,74,41,97,87,83,68,100,100,42,82,35,42,81,26,85,32,12,93,77,54,0,55,72,61,70,63,10,78,41,44,85,71,-2,69,66,16,15,24,93,41,13,18,42,6,61,44,25,33,53,33,71,83,15,32,97,24,96,33,64,46
49,7,71,20,48,36,76,54,58,16,83,6,24,98,88,94,5,58,97,20,73,77,35,54,53,86,79,31,93,44,52,38,49,47,50,66,21,34,46,73,42,75,44,93,87,10,29,14,94,19,86,64,28,42,66,81,73,4,63,85,55,14,79,18,13,97,84,35,36,3,53,2,90,76,61,15,43,75,2,69,6,15,54,52,71,47,16,94,12,26,1,34,46,74,17,88,78,52,13,22,70,21,87,6,61,82,22,14,40,15,20,45,37,41,90,5,64,78,54,28,40,29,79,63,52,26,21,36,98,75,4,86,13,68,38,35,77,24,86,78,79,92,13,94,34,10,91,73,93,62,72,12,90,18,67,29,23,70,57,82,38,71,14,15,41,27,48,52,17,70,30,22,11,74,38,56,37,11,33,15,64,10,64,16,24,87,39,74,86,36,55,81,53,10,11,79,80,89,94,21,63,26,84,25,84,27,33,70,88,93,25,6,63,57,41,17,80,75,41,80,97,46,99,3,54,26,95,19,60,97,64,96,52,79,54,85,71,79,3,13,59,71,4,50,2,96,2,59,53,18,-2,69,53,18,63,43,66,33,41,76,25,50,70,0,90,60,42,37,0,15,40,14,14,92,10,47,46,71,7,28,48,46,83,93,56,18,14,62,76,38,59,55,57,26,4,50,1,40,13,84,13,90,62,70,83,25,35,31,46,20,4,56,8,74,74,89,57,17,9,64,54,45,28,42,74,36,53,35,15,4,73,27,65,21,83,11,9,5,97,98,88,1,57,98,12,10,87,53,73,97,69,93,37,44,49,23,65,72,89,-1,71,25,84,75,71,92,74,28,23,40,22,64,36,6,48,29,3,14,92,49,18,37,94,74,15,81,25,36,80,26,16,8,14,4,34,42,30,81,97,94,78,71,69,16,43,60,80,-2,76,33,96,9,72,53,57,-2,34,70,4,64,76,30,69,41,94,17,5,-2,2,90,15,85,0,50,6,61,62,54,67,92,79,80,39,77,15,92,36,96,95,4,55,97,67,78,62,72,24,19,98,13,8,81,4,54,83,98,20,47,22,46,88,41,59,40,74,66,18,9,77,34,86,31,55,83,50,37,98,39,3,64,13,7,35,56,29,71,40,97,93,42,47,0,42,19,79,97,2,32,31,39,50,36,20,25,62,42,2,40,95,71,3,38,36,87,79,89,14,10,4,81,73,16,58,86,87,13,29,36,81,96,93,53,58,19,39,62,64,11,6,51,3,95,63,19,69,37,78,77,64,68,92,31,0,35,86,80,28,78,47,77,47,4,81,26,64,30,78,35,57,87,30,31,43,10,52,24,7,12,28,76,10,84,62,83,25,91,13,22,1,50
74,72,99,31,35,66,27,5,18,30,10,78,62,16,75,3,13,17,63,52,57,90,78,91,23,48,87,79,40,57,-1,91,73,87,51,86,26,18,89,52,71,62,66,68,24,41,15,38,65,42,12,0,8,99,83,18,47,90,63,13,7,42,41,59,53,61,41,67,98,17,62,59,15,20,86,15,87,72,87,82,4,19,48,83,54,99,6,54,72,82,35,87,24,53,36,98,30,61,20,47,40,21,48,13,75,38,82,85,25,75,68,22,83,91,44,16,59,64,50,17,84,77,12,30,44,94,99,71,62,73,8,0,4,12,51,88,56,8,60,2,94,93,7,22,84,53,35,66,95,83,92,95,17,56,4,93,17,56,27,46,100,8,51,32,58,61,70,99,84,65,36,68,18,63,96,31,19,41,30,96,84,64,47,49,70,17,25,25,49,32,45,82,54,14,16,87,2,16,57,36,59,2,62,4,-2,97,70,63,79,13,-1,2,89,80,30,94,94,35,9,63,71,78,20,61,95,63,-1,32,97,57,94,13,19,69,42,82,45,80,60,47,8,5,32,21,-1,35,75,67,56,11,74,97,46,56,40,51,94,-2,39,19,75,95,98,73,72,76,31,94,26,90,32,19,5,46,0,11,8,78,63,28,-2,7,2,81,67,54,31,79,31,37,3,52,60,76,78,77,69,97,71,18,77,60,64,44,24,95,78,67,9,78,60,89,9,21,39,4,72,33,87,18,64,58,93,67,18,78,28,55,83,40,26,50,90,51,25,18,71,19,94,96,21,60,9,87,34,64,60,65,74,51,26,23,16,35,48,44,23,1,24,0,40,87,97,73,59,41,61,0,65,94,91,45,21,39,70,86,20,83,40,7,37,3,13,35,80,31,89,40,24,7,20,52,2,38,11,93,47,34,69,-1,11,20,26,8,60,76,67,43,86,51,86,44,40,15,74,78,39,12,48,55,81,73,3,47,52,92,50,36,47,40,10,27,78,21,39,44,38,27,71,91,87,96,84,3,2,16,13,65,42,75,59,99,3,25,57,95,85,70,25,78,61,95,67,72,67,18,47,81,11,-1,58,60,27,81,91,54,41,60,56,100,55,-2,45,94,2,31,52,11,12,51,53,44,53,86,24,7,28,15,9,88,-1,88,25,63,50,65,87,29,87,12,24,29,22,56,46,59,11,54,36,34,8,83,29,13,31,63,36,47,97,51,0,77,66,93,22,98,18,3,27,59,51,86,85,45,97,12,21,58,9,75,4,75,71,61,44,58,41,36,60,0,44,57,81,83,25,25,73,3,72,42,40,7,56,46,91,6,92,1,7,20,87,20,25,55,69,82,76,24,2,24,23,36,60,27,19,77,60,41,79,96
1,59,53,26,60,75,95,97,3,97,85,33,48,52,-2,20,1,93,13,66,56,77,96,47,18,93,78,38,46,47,93,28,27,19,95,35,95,27,5,73,77,52,47,10,48,53,94,5,3,96,4,78,0,35,64,55,93,67,36,89,4,26,89,94,39,2,1,46,57,65,93,3,93,57,67,0,93,67,80,74,23,35,53,52,71,24,8,12,9,0,82,84,99,47,12,67,28,19,40,98,64,77,44,52,69,38,8,72,76,89,57,10,90,53,53,97,64,26,22,2,11,53,96,44,87,89,65,61,71,2,30,0,45,54,82,54,5,-1,5,98,2,90,74,54,80,93,96,74,51,66,61,95,25,77,28,61,73,31,78,89,54,16,70,59,89,1,65,74,36,23,23,66,12,35,80,66,90,99,59,80,98,44,19,80,55,77,5,50,66,62,14,13,21,55,79,3,79,64,8,8,41,59,81,4,94,82,50,42,30,59,79,67,39,11,30,-1,12,4,7,97,80,12,3,7,65,54,16,37,79,1,68,9,41,97,42,19,5,50,42,3,12,11,95,92,74,50,61,83,62,36,74,1,60,65,82,45,79,53,14,63,57,47,13,99,96,4,80,17,49,59,82,7,30,48,67,48,7,33,1,87,42,100,42,11,10,46,5,79,63,58,5,39,96,85,86,43,26,79,51,91,74,83,60,33,60,10,79,25,75,79,15,54,67,32,62,68,6,47,78,60,94,69,68,84,16,78,-1,86,14,36,4,39,67,30,10,49,17,60,34,72,91,19,93,72,46,20,39,64,83,21,86,12,89,47,10,38,15,49,4,32,65,100,89,93,65,2,36,40,1,70,23,5,70,41,59,29,9,69,4,-1,49,97,80,15,89,64,72,77,57,41,0,71,45,14,40,28,78,87,68,30,87,69,51,42,71,46,11,40,93,73,33,84,81,13,0,35,63,14,49,6,71,28,31,12,63,63,8,11,47,69,75,90,24,66,37,71,23,22,25,24,24,56,11,34,81,77,73,43,26,82,44,26,45,51,0,7,60,6,3,29,94,42,4,98,72,28,34,81,12,-1,78,19,71,15,60,74,97,94,95,6,35,79,16,93,48,11,1,52,42,57,33,50,24,81,85,96,3,43,99,66,5,34,69,64,9,76,84,69,91,76,59,39,82,70,44,51,19,92,52,95,21,73,5,15,76,33,2,4,40,91,43,1,56,75,83,58,96,13,12,86,17,64,25,6,69,45,99,58,42,2,97,3,32,30,30,10,20,49,77,35,13,83,79,8,25,33,58,33,88,21,15,36,95,37,63,68,22,28,74,56,3,31,55,68,18,40,4,93,61,17,24,47,64,61,61,22,77,89,78,14
30,5,42,30,38,68,35,95,28,74,42,7,96,21,43,69,44,82,89,76,27,39,50,25,49,71,78,2,6,45,95,2,86,44,57,21,84,73,75,84,86,48,56,62,41,14,77,63,24,20,13,64,97,15,25,62,21,94,30,50,59,11,42,46,70,20,49,76,7,21,86,51,53,21,4,67,54,75,17,-1,1,51,32,53,56,9,53,53,31,40,96,74,72,42,7,86,10,64,1,4,97,95,5,36,22,96,60,33,92,29,86,69,78,68,17,-1,49,71,2,56,94,25,71,24,17,34,81,51,7,19,8,7,40,10,14,73,43,95,53,1,0,29,96,28,87,73,83,79,71,91,94,17,97,11,40,71,27,30,38,69,29,58,33,75,95,95,54,52,58,98,54,76,68,26,99,78,9,4,35,73,71,50,65,59,5,53,4,15,67,42,49,3,97,31,44,80,42,8,79,62,93,93,56,57,49,13,49,87,47,53,82,14,24,81,93,19,18,4,9,70,64,35,89,1,44,24,45,12,56,66,69,68,86,43,50,7,22,80,15,57,7,18,86,60,58,73,29,58,21,52,86,36,37,76,67,80,72,81,1,39,48,66,35,91,32,18,30,33,67,72,30,14,2,17,85,-1,32,34,41,4,-1,36,8,16,48,10,28,24,34,35,97,2,93,97,47,67,43,44,27,12,-2,84,32,35,96,51,69,46,84,80,52,2,95,60,87,44,66,83,6,61,66,98,27,23,78,64,54,35,70,56,5,13,42,54,92,6,70,79,97,67,51,93,6,13,21,58,30,8,30,62,60,52,76,42,-1,97,75,25,71,7,54,20,38,55,41,81,62,80,97,89,12,97,72,30,33,72,93,44,10,96,61,4,78,97,78,54,76,35,27,23,25,32,17,81,67,55,7,73,39,70,46,75,50,97,50,100,60,97,23,61,15,22,16,30,96,23,88,30,47,55,96,44,1,85,3,51,58,40,39,29,75,4,30,68,19,3,88,2,95,82,60,16,100,41,74,18,-2,36,20,54,16,75,67,65,71,45,62,88,42,98,20,13,75,20,5,69,29,24,43,81,83,67,99,43,66,87,1,89,59,78,93,-1,20,58,39,20,99,88,92,22,40,90,11,53,37,67,66,87,15,100,0,15,1,93,56,26,4,2,2,74,5,100,22,38,22,3,51,28,53,43,61,86,50,7,93,17,60,71,61,99,47,16,54,5,66,16,28,67,19,63,62,91,44,98,70,74,40,68,33,74,2,64,37,29,43,22,31,99,89,18,85,41,20,1,72,34,27,63,21,92,73,93,78,7,73,78,13,90,34,25,54,84,70,54,15,80,100,97,1,85,19,84,15,95,7,5,82,58,13,56
35,69,11,45,34,58,21,43,96,87,31,21,22,61,6,42,30,70,42,-2,16,18,54,96,24,87,9,18,25,76,54,71,74,91,54,98,20,93,55,74,64,18,4,8,81,22,11,98,41,88,24,97,91,44,38,85,13,27,13,30,97,14,40,69,32,96,29,38,19,95,86,1,87,39,84,49,49,7,23,99,29,21,54,1,29,20,35,66,41,37,36,30,71,85,1,1,78,2,20,69,72,67,3,72,48,9,88,63,5,55,99,74,62,36,97,2,73,64,24,84,86,29,1,86,98,64,23,96,49,68,37,45,59,81,63,74,50,36,15,33,65,25,21,50,84,68,6,21,47,48,92,9,91,46,33,95,75,91,44,25,57,32,22,96,87,4,68,4,85,54,2,51,64,53,97,76,8,80,87,92,1,98,52,52,22,33,55,27,42,61,7,1,29,13,27,60,39,78,99,61,83,1,42,94,17,21,21,4,8,4,100,1,76,87,60,86,24,98,61,69,30,73,9,59,8,55,100,44,34,91,73,72,43,63,17,73,8,65,69,66,62,100,13,97,32,3,58,24,3,25,4,22,39,79,15,82,73,38,34,49,9,18,74,0,9,55,17,55,55,73,18,-2,9,12,84,31,16,28,75,17,35,19,95,33,53,95,43,76,3,76,40,88,11,71,80,76,46,46,50,21,91,57,89,79,4,71,91,41,17,-2,55,57,-1,67,59,10,56,82,86,42,26,65,71,100,57,83,-1,97,83,50,11,77,-2,51,37,63,9,1,37,28,80,6,96,48,40,86,5,31,32,21,69,44,8,64,39,72,83,30,37,22,91,3,43,56,19,5,37,66,31,22,96,41,3,96,64,41,49,40,1,96,-1,25,58,97,3,17,43,71,52,35,18,41,5,79,96,42,84,40,51,33,26,32,3,58,59,34,39,59,32,93,84,13,32,0,56,59,43,92,59,63,79,63,23,32,78,33,39,0,72,24,10,98,42,62,52,11,42,49,9,92,26,2,30,24,45,77,11,80,30,57,91,28,35,-1,54,17,13,9,4,30,34,17,13,85,47,24,1,48,99,5,22,28,13,28,50,20,0,34,72,51,94,70,65,79,83,98,43,31,18,35,4,90,1,3,21,14,52,80,21,99,51,78,65,40,86,53,53,52,82,89,82,56,92,49,95,10,7,71,44,99,88,85,81,4,62,36,48,1,95,49,60,35,54,34,34,24,99,53,15,14,16,94,87,25,62,62,100,78,3,40,87,61,13,66,52,10,43,85,8,10,83,93,35,89,67,60,25,80,1,54,56,1,74,57,46,57,1,77,51,1,96,32,85,64,35,0,38,62,34,15,50,1,34,66,84,4,8,55,5,56
92,29,12,4,32,51,62,13,45,74,84,12,48,39,100,31,70,14,71,17,37,73,26,21,37,71,54,96,47,25,66,63,16,20,72,34,-2,89,59,85,96,46,51,79,92,31,59,92,54,58,3,12,86,2,26,50,31,47,14,83,33,69,51,84,45,11,84,80,99,77,37,59,55,59,15,73,8,99,60,94,63,4,68,52,5,83,19,11,36,-1,81,29,5,61,1,55,47,77,9,83,47,20,95,67,8,81,70,93,11,76,61,6,94,91,36,3,21,19,81,25,5,16,62,80,32,78,52,41,6,100,28,50,1,98,24,42,99,48,79,47,53,22,22,21,9,79,30,37,19,66,32,64,49,80,60,88,41,80,16,87,0,96,72,57,34,58,18,56,14,99,82,13,42,95,39,46,32,77,93,80,74,-1,25,89,63,100,31,97,66,92,20,52,40,-1,30,56,2,51,59,12,95,20,21,24,9,86,45,48,57,52,81,18,19,94,12,58,18,51,33,62,56,91,38,89,93,43,56,4,46,23,8,34,32,44,47,-1,93,52,47,92,33,100,34,83,24,62,21,99,5,10,100,45,41,42,6,64,54,2,58,29,89,80,-1,44,42,64,3,-1,72,26,49,38,31,11,85,40,56,15,36,29,40,59,91,14,30,69,87,4,0,22,67,78,65,31,31,91,15,92,99,24,66,71,96,2,56,42,2,47,22,21,4,52,43,1,43,77,40,48,12,85,77,81,94,84,28,96,48,5,32,60,51,81,22,28,96,3,81,27,10,67,57,79,75,18,56,87,53,43,78,41,78,54,41,68,6,14,20,36,63,46,22,21,18,69,46,29,95,4,9,13,81,7,11,75,4,38,27,63,40,7,1,58,18,24,14,73,-2,94,35,52,69,41,60,59,51,85,4,56,28,45,28,52,59,3,48,40,89,22,59,17,40,99,19,0,31,48,93,79,75,62,10,39,43,17,35,-1,-1,23,1,52,91,48,42,99,49,-1,48,30,20,55,46,39,59,82,88,-1,14,72,60,86,97,58,95,95,95,98,50,11,31,43,77,45,2,97,26,93,30,26,4,26,63,53,92,73,16,72,21,46,42,92,-1,75,75,60,28,19,26,15,97,94,48,78,64,92,42,8,100,57,54,81,82,7,45,81,11,76,80,64,5,88,12,15,18,24,10,89,49,79,16,86,10,7,93,92,58,89,4,6,72,24,11,35,85,62,46,82,8,33,12,83,26,36,74,46,20,92,32,35,81,84,52,70,65,55,48,75,92,73,35,50,3,15,49,57,9,87,79,43,36,93,99,4,89,63,2,41,53,10,96,51,60,4,63,43,7,80,54,78,90,73,86,55,72,57,26,100,19,91,30,40
75,69,23,53,72,5,8,80,54,8,7,51,89,30,96,95,22,40,17,36,29,86,62,70,2,62,56,57,0,50,85,84,89,52,70,25,65,30,85,54,55,58,37,0,84,55,47,1,55,23,74,49,93,55,96,34,99,21,95,89,74,92,38,6,58,69,44,43,40,43,66,64,93,34,45,3,17,9,84,56,0,74,81,16,79,36,30,75,18,60,11,48,35,-1,30,96,68,88,87,69,31,59,74,3,91,43,26,31,4,17,10,67,96,34,90,38,58,84,98,15,80,91,45,0,85,10,82,72,-1,43,59,68,76,15,64,56,58,75,29,21,11,4,64,13,78,16,92,72,57,17,11,27,67,94,7,6,96,30,39,82,92,66,13,47,18,44,3,12,55,6,17,83,87,38,34,23,24,50,21,84,48,31,32,39,29,34,20,26,17,84,85,12,40,78,29,74,35,1,83,53,55,23,27,30,45,59,19,81,92,16,30,13,37,87,73,5,41,88,98,87,11,50,53,66,71,52,81,81,68,60,35,91,90,62,10,50,6,22,22,2,3,8,19,62,5,59,54,95,32,77,92,34,33,21,50,98,77,92,100,85,51,8,68,1,41,-1,13,99,13,97,84,22,93,36,17,69,96,-1,54,24,26,13,12,83,10,53,74,72,95,48,20,1,85,26,38,79,12,61,95,21,48,36,32,45,83,27,59,30,57,52,19,76,25,96,93,84,10,22,5,80,30,87,46,42,71,92,55,65,41,53,100,24,86,56,85,93,17,0,76,0,42,63,65,64,21,92,94,55,20,63,4,68,69,85,19,78,0,72,85,36,52,67,45,64,45,53,94,15,56,22,61,58,70,60,83,50,18,79,16,40,59,21,63,85,77,77,57,1,60,10,64,9,63,7,37,17,68,63,30,74,100,39,0,40,68,93,8,5,22,1,36,48,42,81,16,24,5,72,49,34,78,65,76,12,87,92,65,93,-2,43,90,83,98,31,36,94,25,98,9,88,89,10,32,86,49,17,19,65,65,60,95,7,67,37,3,3,8,74,64,68,-1,89,41,22,88,79,95,53,41,13,48,80,45,25,45,43,55,83,28,53,57,30,23,98,84,40,23,45,20,72,-2,60,30,13,11,33,71,58,88,96,97,61,14,9,33,93,24,69,1,13,34,4,22,67,82,28,95,69,70,31,87,30,94,33,26,10,12,47,40,74,22,96,72,81,50,61,80,70,30,83,10,9,67,37,98,2,72,82,18,54,34,37,27,91,28,19,96,91,8,63,30,75,54,53,31,48,84,28,24,92,21,50,40,74,30,3,77,20,23,65,81,88,13,38,78,63,27,41,5,70,87,76,82,28,0,58,53,41,14,64
66,63,15,62,97,43,79,35,45,59,82,8,67,78,84,31,36,58,91,66,92,3,71,96,13,95,8,67,64,14,30,63,1,59,34,10,36,46,15,53,27,92,37,6,65,19,15,95,0,23,38,27,82,44,9,80,34,10,43,93,19,46,45,74,80,30,51,23,42,24,54,18,34,72,28,97,13,-1,64,73,77,31,43,86,89,47,31,14,35,3,75,38,19,66,10,9,55,12,63,36,77,63,78,70,56,67,99,60,16,51,52,44,34,29,35,70,92,94,15,96,60,23,94,55,12,12,60,78,28,53,3,76,54,23,30,94,13,4,48,70,75,26,13,86,20,96,94,29,72,53,73,32,60,56,53,11,24,66,21,7,97,82,25,65,83,44,38,67,72,58,2,75,27,26,58,100,42,10,35,33,51,45,93,95,55,80,47,72,59,47,50,86,47,10,66,8,24,21,31,22,64,4,71,19,93,5,65,86,55,9,32,33,91,18,78,54,83,6,100,91,36,95,14,74,15,18,86,99,24,75,49,94,69,95,33,48,88,15,24,80,72,93,23,27,12,70,64,79,83,44,43,67,68,66,76,41,3,70,5,54,84,32,17,85,95,41,96,30,49,42,88,68,24,73,45,68,38,66,18,27,43,29,69,58,74,69,68,93,87,44,3,21,33,33,86,98,95,60,31,71,79,69,50,20,60,6,1,56,3,13,82,28,6,31,76,10,48,99,35,80,66,43,40,59,90,82,21,12,63,91,8,90,56,3,9,75,37,23,42,67,14,0,88,19,46,87,51,72,70,12,3,-2,29,67,38,40,98,93,6,71,39,0,93,88,24,73,13,9,64,27,18,45,81,51,32,14,97,16,29,54,97,13,0,79,9,95,52,32,90,8,25,21,91,1,81,90,98,71,58,9,76,20,48,34,57,25,5,69,90,1,5,34,94,65,36,62,28,20,57,78,29,20,0,24,5,30,81,42,98,33,56,47,30,11,71,16,56,89,62,65,49,28,100,15,50,18,25,94,52,5,21,80,26,1,21,15,18,68,80,74,12,59,32,100,44,77,20,80,77,15,57,99,92,61,73,37,39,-1,7,19,5,50,8,52,83,66,18,18,78,100,10,93,23,19,28,29,71,40,5,42,75,77,40,57,45,63,21,39,41,62,100,24,65,9,3,52,61,17,71,84,86,40,62,23,89,8,43,92,86,21,58,27,33,80,59,16,31,46,6,13,76,46,17,6,47,83,73,15,92,16,31,92,4,46,30,34,7,0,18,65,31,12,84,87,77,42,25,65,9,77,88,15,99,71,95,85,24,79,52,96,76,69,95,35,63,60,20,59,73,42,20,66,45,38,18,39,62,6,95,66
29,23,63,12,98,62,40,88,35,11,9,50,95,6,93,20,44,31,3,91,20,32,43,74,24,80,49,79,47,48,43,4,90,48,99,1,78,24,34,56,38,60,17,63,45,44,5,16,38,17,36,55,22,11,66,4,72,68,40,21,56,72,99,74,74,48,5,-2,18,62,60,34,10,98,48,16,-1,85,6,73,34,34,2,78,90,58,67,29,16,50,44,51,80,53,32,87,74,62,87,12,38,37,80,60,93,66,40,83,78,89,23,53,64,71,54,62,3,1,24,84,2,2,85,16,83,38,98,64,94,91,65,80,10,29,76,90,98,21,94,90,94,32,66,61,25,73,82,88,44,41,8,16,80,31,68,95,23,71,92,60,49,60,77,91,28,56,64,45,66,19,95,32,78,91,44,42,73,68,16,16,-1,99,6,35,84,52,65,84,73,58,77,66,2,61,28,58,73,48,8,69,97,60,96,71,27,46,83,44,60,30,31,36,23,1,91,16,5,75,89,68,54,38,71,40,18,61,36,86,96,0,15,29,43,71,73,10,8,54,8,11,56,40,44,78,50,72,78,5,1,97,26,88,70,82,91,27,59,61,39,12,58,20,58,8,20,44,20,26,52,57,42,84,67,97,72,89,71,20,30,58,100,64,54,66,59,53,11,8,81,37,98,85,24,61,91,63,81,25,21,45,82,4,50,80,51,15,62,74,51,61,41,92,54,63,93,79,55,14,90,18,72,58,-1,17,85,8,28,58,41,9,36,57,36,10,91,51,12,30,68,59,14,8,6,45,81,71,79,2,58,1,69,8,25,90,16,63,11,43,18,93,83,22,60,61,88,98,32,11,89,74,30,41,15,53,63,78,25,35,66,93,49,44,56,60,71,70,55,12,51,22,37,62,1,66,44,2,40,8,86,75,12,65,26,96,5,4,13,40,34,56,88,23,88,67,14,90,34,45,44,60,65,90,59,30,88,30,64,19,29,49,5,52,81,30,76,22,82,72,82,7,23,59,80,31,94,10,55,51,-1,50,87,8,14,95,89,100,67,17,89,98,-1,88,29,69,49,76,79,1,5,27,76,93,7,39,66,71,16,7,98,52,-1,59,91,34,50,67,47,86,41,65,37,45,92,66,38,34,62,95,94,46,17,61,91,99,44,13,-1,6,9,13,80,10,75,81,16,8,62,96,32,75,93,50,51,42,5,47,71,99,50,78,4,96,2,25,65,69,64,67,99,38,84,93,37,54,29,34,34,43,69,87,73,50,78,90,0,33,44,58,29,44,97,69,44,71,70,41,98,77,87,78,59,93,53,25,88,100,63,70,49,97,18,98,8,36,5,34,18,91,32,70,93,26,35,39,0,52,49,73,62,98
56,81,1,49,58,0,60,0,24,53,89,57,46,49,44,1,22,1,79,99,64,69,8,77,19,44,6,60,9,85,20,6,81,37,14,49,56,63,84,78,7,-2,86,61,9,1,93,68,36,3,87,25,62,78,25,85,74,-2,19,38,23,16,38,1,54,56,16,78,97,28,-1,22,11,73,68,21,86,76,98,77,68,10,62,60,93,7,37,31,56,53,27,42,21,39,85,98,57,92,51,23,44,8,-2,67,52,94,33,66,43,58,40,19,95,20,82,18,92,12,-1,48,84,55,67,3,40,51,3,9,89,62,82,64,92,10,28,17,82,10,76,53,2,93,19,48,17,93,91,21,75,42,30,51,29,24,52,77,88,3,74,99,14,8,75,9,78,79,99,61,63,63,10,2,21,95,60,70,81,34,84,31,47,6,26,38,8,27,77,49,18,-1,29,8,97,91,95,49,47,83,48,96,46,92,41,80,32,80,73,51,3,44,85,1,28,78,-1,79,6,4,92,93,59,92,92,53,99,97,61,7,69,19,57,34,35,66,89,68,66,26,76,86,34,62,68,61,20,12,44,64,88,22,11,88,10,30,59,60,82,63,34,29,71,98,6,63,9,100,4,28,58,78,94,71,64,48,43,69,4,38,21,84,30,47,31,12,79,92,36,2,89,5,83,44,73,68,4,12,47,3,40,13,69,6,44,43,33,13,63,41,93,65,53,10,72,59,41,7,81,56,35,14,71,60,66,39,52,18,57,69,33,88,40,14,60,1,59,55,16,47,96,23,32,90,31,10,53,82,37,73,93,9,84,41,54,77,36,73,91,19,8,65,44,61,11,20,81,93,22,75,34,75,76,7,36,5,31,57,53,58,71,21,27,49,41,10,63,53,-1,2,65,79,1,0,25,84,0,21,33,25,49,27,31,47,24,53,77,96,41,69,94,37,1,59,8,0,61,45,8,52,16,27,56,0,2,8,78,33,79,28,47,4,18,61,54,56,63,35,44,51,65,52,72,71,51,39,63,97,77,96,56,78,0,51,7,62,7,11,12,77,45,41,5,97,79,33,15,8,96,14,81,82,62,86,96,46,2,37,97,36,7,36,12,39,95,16,77,66,1,74,100,59,55,18,84,81,13,99,44,18,30,71,99,92,72,38,46,99,37,-1,48,23,90,78,8,31,99,48,84,90,23,39,81,7,73,79,65,28,98,31,48,14,90,73,96,18,100,20,34,47,23,8,21,17,38,58,96,55,5,98,58,14,55,51,14,91,28,11,88,78,5,93,-1,47,51,83,59,5,5,85,95,35,65,75,72,22,19,42,58,25,45,52,62,22,61,70,69,19,24,52,2,60,13,22,71,88,60,94,55,92,20,44
47,94,98,19,53,42,69,23,27,75,38,100,64,96,35,85,28,8,78,57,99,23,3,51,43,23,19,59,64,80,40,70,22,1,94,91,61,24,30,38,72,70,91,61,25,0,9,39,50,-2,23,48,55,16,45,22,48,4,33,37,1,5,81,17,83,34,53,32,32,3,49,41,82,55,54,72,55,65,83,19,-1,20,81,38,69,5,0,38,70,1,27,21,4,62,78,53,24,54,90,81,94,30,27,35,40,43,28,1,34,51,-2,83,48,87,82,46,88,100,2,21,24,17,41,54,83,24,67,51,3,2,53,98,78,65,36,43,18,29,24,91,8,81,56,25,69,62,46,3,31,85,43,41,65,95,56,88,22,99,18,91,44,91,23,71,46,77,47,55,29,29,67,6,7,39,57,75,17,75,97,7,66,98,38,7,18,64,61,95,86,60,0,67,47,29,5,39,17,3,90,58,59,96,39,38,54,47,36,20,3,94,72,21,52,63,93,33,33,50,45,10,84,89,97,58,75,67,84,71,75,62,94,48,38,74,0,33,5,78,62,-1,21,12,65,57,85,22,75,48,46,54,15,96,21,46,76,66,41,74,14,25,92,19,18,78,55,0,39,72,55,98,31,56,78,51,20,6,68,98,85,31,63,65,98,86,8,27,20,31,1,60,58,69,66,53,66,74,6,90,41,54,96,34,20,81,8,79,96,80,98,96,35,69,24,72,48,99,12,35,18,16,43,40,53,87,0,83,87,93,97,90,94,93,3,16,45,90,77,58,47,26,65,77,15,100,27,79,18,69,5,10,51,2,18,27,45,30,21,0,86,99,64,16,72,31,44,26,41,80,97,9,7,3,74,27,14,94,45,98,12,19,28,17,81,13,16,61,83,47,12,17,16,25,27,93,26,28,94,15,37,89,79,80,27,83,11,99,52,-1,96,98,77,28,44,23,93,79,60,94,82,84,5,79,38,4,67,83,39,86,78,66,4,43,24,43,32,53,49,60,39,21,96,34,55,95,59,54,25,93,25,10,48,54,61,26,84,16,81,46,4,36,72,87,78,24,86,59,43,67,49,55,76,79,11,38,82,99,0,5,61,73,70,8,2,52,94,26,41,89,3,10,16,53,8,21,76,41,92,91,65,55,75,1,12,26,40,67,98,1,3,12,75,75,69,80,82,35,19,89,9,26,80,86,5,66,17,19,10,51,35,91,86,37,83,0,56,92,36,13,47,98,47,17,18,74,28,-1,61,29,-2,84,-2,46,51,10,68,91,14,79,43,90,24,13,46,84,87,86,44,35,33,99,80,87,13,55,52,73,62,8,25,82,34,22,71,44,54,84,0,71,51,17,38,66,5,11,61,29,7,6,91,12
49,-2,84,32,30,88,37,48,47,91,59,28,-1,99,89,65,97,83,87,40,58,48,17,88,66,6,73,14,72,96,49,35,94,15,99,7,91,35,66,12,25,100,44,52,0,49,46,19,48,94,76,81,60,4,30,72,21,63,-1,53,63,14,50,56,90,42,20,63,61,52,20,1,0,92,16,0,77,69,7,81,48,86,21,15,26,70,31,59,73,91,96,5,19,84,71,24,18,80,65,58,83,12,73,45,97,14,23,56,76,15,17,42,95,84,79,64,70,46,77,37,72,59,4,67,21,86,63,24,50,75,96,42,79,12,4,31,55,33,27,21,73,37,58,10,96,11,99,42,41,30,16,1,52,96,43,92,15,27,35,77,96,96,0,2,92,40,34,27,62,25,100,0,12,2,19,45,53,14,28,24,-1,28,75,14,80,32,44,11,37,20,96,13,9,66,77,16,79,90,56,73,84,83,97,83,2,17,29,98,96,41,84,50,79,86,31,97,48,16,85,21,21,68,40,61,32,9,5,41,85,53,53,85,83,17,7,24,43,45,83,34,98,85,13,85,3,63,84,23,39,80,37,98,36,46,36,25,74,32,86,53,59,9,52,77,20,49,98,42,27,52,12,60,93,85,81,13,29,64,38,3,63,98,49,78,76,42,63,81,88,17,38,17,34,87,97,86,29,94,98,57,7,22,16,64,23,3,72,53,14,31,20,89,74,97,31,3,88,41,67,56,55,54,32,68,6,50,54,27,86,19,54,49,63,92,54,74,10,16,6,16,83,59,69,56,69,20,0,46,52,67,13,93,43,22,95,15,52,11,0,85,16,66,4,78,37,14,96,48,63,42,87,73,52,20,61,52,80,44,44,78,80,47,48,75,23,15,39,76,24,-2,0,92,42,24,62,7,74,12,99,2,90,54,88,93,12,96,13,87,76,28,73,4,83,83,40,85,81,71,53,72,17,0,99,51,23,65,98,17,98,33,62,17,45,61,19,70,58,38,12,80,84,10,51,30,11,70,22,90,61,55,22,60,96,88,43,8,32,66,0,9,6,36,41,49,30,24,67,11,82,92,16,66,80,14,15,9,29,45,76,39,69,26,4,23,74,56,44,36,59,2,90,1,19,5,33,36,23,78,87,17,12,39,67,45,72,29,82,26,30,45,45,65,43,72,2,13,21,17,79,6,-1,88,80,12,35,0,10,78,11,18,85,41,24,9,60,41,88,55,73,31,25,61,11,84,92,16,41,35,52,68,45,92,44,45,67,35,12,12,71,67,73,34,12,2,46,29,100,78,93,55,16,48,75,75,25,65,68,70,92,64,27,64,55,86,59,5,61,86,24,78,14,46,0,22,72,9,17,-2,59,-1
74,71,90,53,20,95,3,71,51,90,98,9,76,1,53,68,70,97,90,20,14,68,2,18,25,82,89,99,77,38,9,82,21,97,4,65,84,75,94,23,29,5,32,95,56,65,28,27,4,31,69,96,39,99,17,14,9,33,74,64,100,31,53,46,92,30,61,46,12,27,82,6,76,7,34,64,89,7,68,81,19,97,12,78,77,13,87,61,65,48,15,77,17,50,20,71,0,63,61,97,15,56,13,25,22,68,41,4,49,4,24,89,31,22,63,75,94,55,85,2,97,33,83,-1,51,90,42,87,59,95,89,58,99,83,63,10,92,21,25,63,98,4,88,36,35,49,23,39,21,88,57,85,65,37,33,7,69,92,66,100,54,13,40,56,56,14,11,10,60,40,95,86,32,15,27,45,40,62,42,59,67,63,1,24,74,84,37,58,49,92,5,72,1,25,86,69,52,55,13,7,65,88,46,42,29,48,9,63,31,27,34,75,90,10,23,52,49,85,16,27,68,70,53,48,72,66,3,73,61,1,2,27,88,53,94,78,10,3,49,60,36,33,56,8,87,61,10,2,31,33,97,42,90,54,87,53,39,16,28,2,61,93,90,24,41,7,40,37,0,14,61,23,28,61,48,79,46,17,39,89,64,68,75,9,53,20,96,69,12,76,4,56,64,20,95,58,0,73,27,14,34,93,90,-1,1,48,67,15,65,95,62,86,73,55,46,77,40,12,68,100,32,39,65,90,52,86,76,48,86,68,23,20,0,37,40,98,27,46,30,45,97,83,60,76,71,69,92,0,71,28,49,18,37,61,55,12,95,4,39,41,36,76,68,99,56,45,90,22,-1,61,45,0,37,62,57,86,41,86,33,43,88,56,99,-1,71,4,37,7,-2,12,86,39,50,81,87,99,84,86,40,60,58,53,36,69,-1,20,20,11,52,34,49,95,31,23,30,20,76,18,63,95,38,63,9,90,33,57,23,46,70,30,29,36,35,85,80,88,50,5,87,12,79,81,32,23,27,41,4,24,47,57,99,1,51,2,95,80,68,98,93,65,40,52,25,43,10,49,46,68,53,0,42,96,96,45,5,42,51,54,100,40,46,83,96,56,84,39,73,6,79,48,70,99,50,50,70,91,57,53,39,16,49,38,54,23,83,10,82,22,85,78,52,26,96,49,47,53,86,2,27,49,91,20,62,93,63,98,20,82,57,43,41,22,27,3,82,35,98,75,2,-1,1,54,61,8,17,22,96,28,0,17,31,21,65,69,75,49,48,11,-2,62,93,80,57,40,17,80,93,79,79,75,63,81,5,39,-2,34,12,49,53,6,80,68,47,77,77,17,79,51,30,100,47,10,34,11,52,4,53,9,6,65
0,60,57,13,68,95,32,62,15,79,6,67,19,91,56,52,33,66,2,1,99,75,72,51,8,13,24,73,80,38,89,33,39,47,40,13,20,29,0,42,71,47,24,80,24,85,80,22,58,74,37,59,15,24,28,94,34,55,1,66,85,1,12,88,12,29,58,78,42,50,-1,34,30,22,57,29,46,25,41,67,-1,63,41,82,57,66,30,9,57,37,19,81,88,18,97,0,31,2,27,21,42,66,78,73,56,51,61,6,72,81,61,98,3,68,16,16,85,75,46,9,65,1,85,50,75,87,1,42,52,72,96,72,18,53,99,47,36,49,65,78,69,91,97,67,99,34,68,49,89,60,57,35,79,91,9,70,80,74,91,35,42,16,24,60,28,47,37,28,63,0,68,17,71,0,75,92,7,28,73,0,33,39,68,51,14,99,34,31,98,15,2,96,95,66,68,35,47,8,15,61,11,28,76,73,98,99,60,70,1,28,23,82,70,21,19,27,74,67,71,85,20,1,64,17,18,83,97,3,21,35,32,45,69,50,71,1,8,19,60,68,91,19,61,81,19,27,15,16,1,93,76,87,52,27,44,0,96,33,40,89,98,44,92,73,95,8,20,-1,49,66,80,98,-2,100,60,54,94,24,93,64,72,71,37,84,14,45,51,43,68,95,99,82,25,23,28,5,-2,26,46,51,60,89,20,14,6,8,20,68,29,97,74,99,3,17,14,56,13,60,4,88,3,92,96,21,79,82,78,58,97,70,67,16,19,52,95,74,75,38,37,56,65,32,95,26,69,8,68,94,86,41,45,33,22,98,53,85,55,7,13,58,17,86,52,41,65,44,83,11,56,29,47,80,82,84,22,28,55,-1,68,53,93,95,93,27,70,74,42,61,72,73,92,18,3,56,52,7,12,46,55,12,29,33,34,73,13,93,73,17,72,76,87,70,78,27,44,89,0,55,30,47,5,59,54,62,50,94,99,43,0,38,4,59,22,86,11,58,94,32,41,16,61,14,55,98,62,97,1,70,80,51,82,26,54,17,48,41,20,65,25,10,100,9,77,87,63,20,48,38,34,58,48,2,94,68,56,2,60,72,3,73,100,27,46,83,19,32,40,50,36,91,99,59,46,79,13,65,61,2,84,18,18,24,25,63,18,23,43,75,96,88,30,94,50,24,20,59,45,93,76,68,48,74,75,13,52,93,96,72,82,39,55,3,79,71,47,68,26,74,29,2,58,85,23,20,29,56,94,13,6,19,57,18,22,5,-2,66,89,95,90,25,54,63,50,81,56,85,62,50,71,91,-1,27,13,46,22,87,97,45,92,57,60,37,96,56,82,80,40,81,30,89,15,74,24,57,62,19,29,32,63,53
31,6,67,92,95,92,81,80,87,35,14,80,47,5,76,75,72,97,60,48,27,96,2,21,9,58,14,-1,14,17,98,70,42,0,31,77,44,46,99,20,62,35,30,67,70,9,96,6,21,35,29,87,97,95,65,62,54,73,11,80,41,11,90,86,14,96,18,73,80,87,58,-1,16,78,46,29,19,79,76,68,90,74,31,98,54,77,1,52,24,36,-1,3,55,77,4,23,69,8,3,1,43,71,35,25,88,17,18,0,79,60,99,56,53,4,19,24,67,1,51,41,60,25,50,59,37,72,62,54,14,46,25,95,57,95,37,41,88,84,90,20,1,98,44,37,39,94,74,6,75,16,0,54,60,51,75,5,4,3,82,87,60,86,39,2,87,97,12,24,47,25,65,45,73,26,17,69,18,63,35,23,29,74,-1,42,13,13,11,60,76,92,2,35,72,52,37,95,-1,89,56,25,57,55,22,83,61,28,81,83,32,8,21,65,37,26,21,6,14,3,0,71,95,56,9,33,53,88,18,19,60,49,4,51,97,7,64,33,80,16,16,15,30,35,88,77,29,71,96,15,98,20,55,77,83,44,5,96,82,11,8,34,93,48,11,17,37,65,74,83,68,60,31,64,46,0,87,92,61,3,16,84,28,91,24,4,28,74,57,98,9,35,46,70,11,44,11,53,0,16,96,70,32,1,61,68,78,6,43,17,16,21,16,95,63,25,92,95,59,93,82,21,69,35,62,12,41,18,1,90,94,24,8,66,46,97,3,61,83,46,73,93,67,4,53,68,83,59,15,35,40,84,76,88,80,66,69,17,17,53,40,43,28,32,0,47,54,-2,47,13,40,62,14,81,17,60,4,23,80,91,67,58,94,80,49,79,58,70,17,25,3,30,13,28,13,57,45,16,30,15,29,36,15,75,73,-1,46,45,0,23,39,25,57,40,64,82,55,30,12,31,88,47,43,97,64,12,92,89,34,52,1,71,83,95,58,14,56,59,38,12,10,82,13,93,84,41,16,2,69,61,44,21,62,22,64,24,63,55,52,90,47,82,23,75,70,25,3,20,40,1,56,99,56,29,5,4,64,23,14,89,12,92,27,94,97,68,72,47,4,26,42,83,45,67,91,2,12,48,4,44,23,96,6,92,77,58,98,31,-1,34,37,36,9,45,32,13,65,71,71,15,36,50,59,30,62,30,44,64,90,85,2,3,54,47,77,65,0,70,34,57,46,5,56,23,23,23,4,32,49,83,18,14,57,60,98,4,48,53,64,84,96,33,15,52,64,99,19,89,11,96,6,12,2,52,6,44,62,95,69,10,78,79,70,39,87,23,41,78,7,16,74,65,4,21,52,21,62,70,26,13,19,79
32,35,49,85,25,11,7,9,60,63,78,69,75,29,41,3,41,10,10,79,100,49,99,85,38,43,71,66,34,27,30,24,24,81,62,63,87,98,5,11,48,34,2,65,69,22,60,17,53,28,47,77,88,66,26,55,-1,91,89,70,18,56,83,55,4,79,60,93,69,1,25,84,64,95,69,48,98,48,30,54,88,18,28,15,23,16,88,5,60,51,38,92,59,6,35,25,8,18,4,81,57,68,10,26,11,60,87,5,42,64,100,70,79,86,26,58,55,64,59,98,69,25,40,29,58,36,75,6,16,59,29,7,53,26,63,84,99,95,11,49,84,48,75,8,79,64,18,72,89,26,62,74,17,39,76,86,27,80,11,46,0,77,21,37,5,28,48,17,86,79,19,60,87,45,34,10,32,29,39,63,72,58,56,74,24,39,94,61,75,-2,10,20,3,19,98,70,82,82,59,78,10,90,84,47,92,48,29,41,61,77,31,24,43,26,72,64,42,65,44,77,48,69,3,14,93,0,24,99,15,50,88,41,70,50,69,57,79,7,56,26,85,6,74,41,81,46,8,74,55,73,63,57,12,89,13,42,82,68,95,36,87,62,47,38,94,88,25,43,98,49,10,46,91,60,97,12,80,44,10,26,62,85,75,25,20,43,37,56,8,92,33,40,63,45,2,39,31,12,47,72,27,60,37,8,30,44,40,22,2,44,6,60,69,38,32,64,80,43,16,31,75,26,57,52,80,86,67,97,47,75,38,80,16,60,17,66,74,58,44,69,23,41,3,79,98,71,-1,37,-1,83,13,48,79,86,52,41,79,4,65,76,15,98,20,88,3,94,11,43,82,46,76,7,40,29,52,50,36,44,33,8,37,42,63,1,68,43,39,5,57,19,67,7,58,41,37,49,33,96,96,60,10,6,42,94,97,38,86,63,74,7,82,48,25,21,55,93,11,66,3,89,75,28,96,62,1,46,23,24,36,44,41,50,58,15,38,61,96,63,38,35,62,93,27,57,6,31,45,29,60,56,51,82,75,9,89,22,65,12,65,13,95,92,58,87,8,49,10,76,12,29,79,74,11,23,30,40,-1,83,58,91,22,78,44,24,28,7,21,48,82,18,74,75,4,78,91,69,37,89,67,12,44,96,43,85,9,40,22,79,15,23,67,67,15,62,88,50,62,66,32,2,68,62,63,99,94,29,2,71,70,92,-1,58,81,57,88,57,52,44,10,87,92,70,21,92,72,49,31,33,16,13,85,22,92,48,70,66,35,87,18,46,26,88,57,1,12,80,20,96,8,42,71,47,0,60,39,3,56,56,35,9,2,73,-1,6,23,42,87,4,49,33,65,79,38,34,69,34,48,91,41,86
9,86,79,84,34,2,100,29,18,18,89,33,94,4,54,22,7,72,98,51,12,39,71,76,26,90,37,99,61,5,-2,83,6,75,35,80,82,32,55,87,19,-1,0,51,10,34,36,53,50,96,72,9,2,24,46,17,56,86,5,-2,8,5,17,90,20,39,37,98,22,76,21,34,35,32,55,46,35,87,45,57,82,21,24,21,2,33,30,34,62,26,53,88,70,25,5,42,97,71,99,48,87,30,2,75,37,46,70,66,51,57,39,98,1,97,4,20,28,87,19,56,13,34,3,92,61,40,70,18,99,46,56,92,87,69,70,97,20,93,47,50,82,70,47,30,85,23,47,23,48,89,98,91,23,10,5,82,7,81,77,36,7,56,70,18,50,12,86,10,88,74,73,96,65,37,51,55,72,60,72,5,90,92,65,69,97,0,5,47,75,41,18,51,33,40,62,44,61,47,21,15,46,74,7,13,22,92,22,35,40,24,34,39,16,68,83,0,85,19,82,77,76,47,47,14,68,67,66,32,12,5,88,46,70,1,45,33,93,37,64,34,22,16,68,22,30,57,73,9,56,-1,14,43,27,80,85,31,18,91,8,11,10,90,98,29,5,4,20,1,66,32,43,23,93,17,73,61,69,42,97,69,82,39,27,39,92,0,77,57,12,33,97,9,32,36,82,90,99,65,85,61,92,87,76,14,85,94,78,82,70,73,83,20,39,66,34,54,14,10,92,24,96,91,20,10,33,33,88,30,19,1,75,18,96,85,0,34,65,52,65,74,31,31,7,74,7,30,71,86,88,19,57,73,60,40,48,57,36,82,56,86,73,21,40,34,78,47,87,91,7,66,36,8,4,76,91,75,66,23,100,55,70,77,59,-1,30,53,68,21,93,36,72,70,20,13,72,2,95,3,13,36,92,44,34,15,41,63,63,39,16,76,80,44,62,75,98,5,41,13,33,66,27,93,24,63,84,80,38,31,45,94,44,85,28,41,64,68,65,58,63,31,47,24,17,55,14,1,9,69,-1,17,13,27,26,77,62,52,97,77,33,19,54,77,96,82,86,99,32,9,86,84,21,51,13,60,38,27,15,61,78,10,83,99,87,70,2,42,31,94,43,61,6,54,38,1,7,50,54,8,60,45,8,47,73,27,32,42,25,16,54,28,2,45,8,52,52,1,29,3,79,51,11,46,42,30,77,77,90,34,8,89,0,58,9,2,58,28,99,-1,0,21,89,3,20,1,75,93,59,11,12,29,42,82,68,64,59,2,92,65,12,25,50,13,67,32,65,93,83,2,12,84,84,81,83,85,-2,49,20,42,40,70,29,19,97,4,34,7,58,85,72,4,19,98,29,73,56,99,37,30,94,39
40,58,84,92,85,12,53,31,49,72,49,65,36,26,17,64,58,16,64,6,15,11,43,20,63,31,68,80,4,18,86,48,62,31,18,64,4,38,19,12,6,99,14,50,44,1,90,50,33,78,43,73,93,75,28,53,39,9,27,46,70,83,12,0,41,49,27,27,21,90,89,52,92,21,1,88,95,59,22,75,91,65,60,47,98,73,32,65,25,96,37,91,75,37,43,74,3,23,18,84,38,7,93,10,10,8,47,21,62,4,68,94,0,36,21,48,67,0,71,60,24,23,14,59,67,12,26,34,94,61,32,52,16,62,35,48,26,62,59,76,91,100,16,80,13,73,71,62,72,62,0,43,79,91,73,6,58,87,50,25,83,13,24,30,67,59,31,98,61,66,92,6,74,96,74,50,52,2,8,82,81,79,10,13,64,77,45,19,36,48,77,23,38,-2,46,84,37,100,33,8,60,70,31,0,34,71,22,100,42,25,48,41,62,51,85,64,89,50,69,15,34,23,58,34,5,30,45,75,42,4,19,65,24,17,6,12,73,47,77,71,22,15,43,3,11,78,84,43,93,42,62,79,13,81,81,23,77,84,19,91,68,79,0,54,94,44,93,41,46,66,6,98,45,99,72,15,34,89,-2,62,62,57,82,74,57,11,60,56,15,74,56,12,-1,91,11,-2,97,22,99,63,24,21,16,56,90,78,63,88,62,19,61,83,13,14,24,26,43,41,86,95,50,97,-1,75,0,71,69,12,31,53,86,57,45,74,17,81,95,68,33,40,87,78,68,49,78,39,68,38,22,67,20,86,61,34,95,50,25,63,72,39,-1,59,84,75,1,97,69,61,94,80,13,80,71,92,1,34,59,39,70,94,56,73,15,4,76,94,12,95,58,16,61,94,61,20,22,43,89,55,91,21,84,30,65,60,63,64,52,16,54,52,63,30,85,4,-2,20,9,15,92,66,96,43,20,-1,69,37,63,26,24,18,50,87,20,67,78,74,35,6,79,53,78,0,6,7,22,80,38,82,63,24,14,92,74,76,19,93,89,54,9,81,13,58,40,9,45,8,88,16,20,73,90,74,92,78,68,9,76,25,91,96,27,44,-1,37,46,98,54,3,100,19,15,59,23,47,77,19,30,30,70,47,87,76,82,68,-2,36,9,82,95,54,47,83,25,27,12,10,60,19,72,10,-1,73,24,7,42,-2,19,53,80,56,20,46,19,83,1,14,97,78,68,30,90,24,4,68,15,56,73,22,72,90,16,84,51,63,97,6,60,4,25,82,31,96,84,40,67,95,24,68,47,66,72,2,29,62,29,60,54,58,43,27,15,91,2,96,45,6,79,61,7,19,39,58,53,32,96,41,41,58,40,6
98,30,70,26,24,89,18,11,71,21,83,9,94,65,85,11,35,5,5,59,52,83,8,86,86,37,1,24,54,4,36,49,6,58,35,90,70,22,95,32,69,95,63,71,9,32,50,11,81,63,28,11,65,22,39,-1,71,87,17,25,50,36,95,0,28,2,44,26,92,36,89,45,2,85,60,49,75,3,76,6,97,31,42,61,99,70,71,59,80,74,62,60,43,23,22,19,14,9,76,22,16,52,49,11,75,99,95,5,48,29,43,82,54,51,74,1,58,12,0,29,65,62,52,94,89,84,19,26,26,95,90,58,4,58,13,61,4,62,54,82,31,26,65,3,83,97,36,81,78,84,25,13,27,68,93,77,58,90,68,84,47,-2,64,95,92,4,-1,43,45,89,37,15,55,91,76,53,90,92,42,88,31,14,3,59,86,99,15,28,17,99,15,33,73,9,97,6,92,58,63,50,88,17,42,16,33,82,16,69,95,75,75,11,0,55,54,53,96,60,2,14,34,61,64,73,25,61,98,79,83,12,10,45,66,58,77,82,46,84,79,63,46,51,2,6,48,82,62,99,49,17,32,19,18,100,54,5,20,99,7,10,20,49,1,30,37,90,90,41,83,11,49,92,92,11,67,99,74,28,33,36,89,46,57,0,16,100,79,54,2,70,80,95,65,0,92,68,8,72,46,79,78,56,46,74,99,-1,63,14,6,66,9,85,10,73,1,32,46,67,48,97,38,64,38,11,-1,55,13,97,74,84,2,8,51,96,79,78,81,94,26,45,92,37,75,29,90,30,1,76,58,49,45,31,53,65,10,71,16,48,33,99,16,87,9,41,2,9,0,70,94,56,79,13,71,2,5,16,4,93,20,95,99,68,38,67,44,80,45,80,45,25,25,97,45,68,41,22,74,48,7,63,0,84,94,42,69,47,63,43,9,57,54,10,10,69,31,21,13,68,97,29,1,17,54,0,64,13,72,20,7,77,46,20,2,42,53,80,49,89,57,95,46,54,61,96,0,95,90,73,91,92,57,15,38,5,59,29,48,81,73,91,28,63,86,60,9,84,38,21,27,55,32,96,3,19,55,82,85,85,36,46,15,49,78,58,59,46,32,21,30,74,58,89,3,49,93,65,35,-1,84,84,33,11,-1,73,20,71,54,92,23,71,-1,39,3,68,93,17,49,63,51,89,34,13,82,4,96,78,-1,27,19,95,74,70,16,28,65,68,68,16,29,60,27,4,63,36,66,20,47,47,27,100,95,13,62,72,79,96,10,17,96,26,37,75,79,5,7,74,93,-2,26,12,68,42,94,81,3,30,75,70,93,72,92,66,69,13,84,85,94,53,35,82,31,91,68,48,85,53,51,36,77,48
76,49,89,64,29,35,86,29,15,72,66,53,36,100,15,63,59,80,87,57,41,18,2,60,26,-2,79,83,98,48,36,67,42,89,70,53,77,36,77,34,54,46,96,77,6,22,88,39,75,6,40,20,86,72,86,13,67,5,84,62,54,82,34,61,19,81,62,12,7,58,29,24,9,84,82,60,91,29,40,45,18,18,55,74,24,31,20,6,96,82,35,50,70,98,57,51,48,18,74,62,49,57,37,68,62,61,0,91,86,89,59,34,18,97,10,47,56,87,84,13,7,68,99,8,72,21,14,92,93,56,50,80,50,11,64,93,56,4,48,7,98,45,84,52,42,4,5,99,50,68,90,90,22,87,20,66,74,58,85,47,60,63,18,89,6,77,90,73,17,74,86,86,72,77,74,82,76,20,-1,23,97,60,99,40,81,96,44,22,57,59,85,98,11,67,-1,13,45,53,17,57,93,95,79,93,67,32,19,38,4,16,60,85,0,24,99,4,24,83,30,54,24,5,97,37,0,83,31,40,21,27,16,6,24,46,18,59,68,47,30,99,45,40,27,64,42,88,97,43,54,32,72,43,40,8,20,20,28,84,28,46,89,24,59,0,-2,19,19,68,40,1,80,23,77,91,64,12,53,65,9,46,70,21,4,0,45,15,27,81,59,79,75,89,12,95,48,21,7,14,28,21,48,9,18,24,63,92,51,2,100,74,77,24,8,90,54,13,49,14,24,51,76,46,10,64,100,19,94,17,14,55,89,9,55,71,55,34,73,84,86,49,70,96,44,42,57,55,86,14,31,40,81,38,71,11,24,55,23,95,49,83,19,75,52,3,69,11,35,3,14,100,80,95,13,88,86,84,96,53,79,66,7,25,66,8,43,21,39,80,29,60,7,66,12,97,39,53,91,92,62,67,58,69,66,10,48,88,46,83,83,47,63,25,58,97,74,94,40,4,28,87,81,5,15,70,46,51,46,71,57,91,46,98,94,60,88,55,81,59,47,81,5,38,80,31,37,17,98,2,58,44,13,30,16,1,12,5,69,72,99,57,63,23,37,54,48,94,1,91,50,-2,7,83,63,38,32,99,78,3,91,57,55,46,33,80,22,83,25,54,71,86,17,56,55,18,26,43,92,70,34,74,69,100,97,15,81,93,9,72,32,14,78,40,93,59,99,11,66,95,92,-2,82,65,55,39,17,90,96,28,44,76,90,60,54,50,90,10,18,49,32,10,71,54,46,15,75,70,0,62,32,79,78,68,77,53,86,36,78,16,-2,13,79,2,28,33,12,98,9,21,23,86,34,53,13,81,98,73,91,36,30,15,33,3,98,52,15,4,85,67,53,51,42,31,59,94,42,56,31,90,5,99
18,56,23,63,66,51,41,7,22,0,63,99,23,18,55,62,94,10,69,31,89,12,85,38,85,72,8,12,89,80,64,8,6,15,90,31,46,99,43,11,96,68,5,44,82,58,4,26,100,38,45,76,65,28,35,41,27,54,12,17,30,68,37,95,35,64,49,94,65,23,51,23,48,41,93,64,79,82,86,8,48,0,59,66,100,61,30,13,94,92,77,88,4,58,5,6,87,72,21,25,57,14,72,14,54,19,52,96,81,13,2,31,79,92,50,45,70,37,17,53,80,17,54,95,97,48,58,55,2,1,72,23,1,23,94,87,9,87,18,35,54,31,78,15,97,98,42,93,0,99,62,70,75,36,38,99,49,72,99,0,91,94,7,14,70,55,10,7,21,57,38,81,61,1,15,74,26,58,61,100,38,33,52,41,31,16,1,13,95,24,52,97,90,90,47,-2,46,93,50,90,84,13,87,40,37,86,64,3,43,84,28,66,72,3,15,14,83,9,78,100,93,30,28,40,15,48,11,74,25,14,59,51,38,77,36,50,99,27,44,47,69,83,96,19,92,39,52,20,93,22,89,18,44,39,87,100,30,41,53,57,77,82,40,94,43,38,74,89,64,77,41,19,59,66,32,-1,46,41,89,44,57,-2,7,32,44,63,76,21,8,99,24,38,65,5,55,95,59,23,21,75,96,35,30,96,68,10,33,18,47,64,26,83,88,43,56,63,39,9,67,16,16,45,99,78,27,20,36,35,16,24,64,86,10,0,5,28,57,75,99,95,23,33,73,94,32,42,2,11,4,57,73,29,41,90,5,29,27,42,29,11,88,89,44,61,95,39,5,10,45,0,47,33,88,2,19,86,96,93,59,87,55,3,79,77,35,29,44,36,70,4,27,15,75,52,98,14,80,76,59,71,13,38,81,40,85,86,51,64,90,99,97,43,19,49,63,86,31,28,35,39,31,74,68,74,0,21,83,13,90,9,58,7,55,12,21,63,74,16,48,2,12,3,52,19,79,49,1,93,41,26,7,3,75,43,14,83,85,12,9,11,20,3,87,42,33,21,89,52,28,2,90,15,51,83,6,32,2,89,47,62,11,42,1,23,58,62,97,97,90,67,14,98,59,98,87,100,74,-2,1,75,19,23,17,23,52,95,53,9,94,25,73,21,84,32,29,48,81,91,17,69,65,92,88,79,62,39,84,51,42,21,53,25,10,92,94,10,73,62,96,86,79,70,46,27,75,59,67,95,55,74,94,22,43,6,4,6,14,-1,65,36,99,52,42,32,90,33,55,87,90,6,14,9,71,25,67,75,43,33,89,99,70,61,28,85,0,52,12,88,36,78,68,69,65,82,11,50,99,-1,92,86
